StartDate,EndDate,Status,Progress,Duration (in seconds),Finished,RecordedDate,ResponseId,DistributionChannel,UserLanguage,Consent,PID,Meta_Browser,Meta_Version,Meta_Operating System,Meta_Resolution,CyberAttack,ProtectYourself,CovidSSA,AnnualReminder,GetProtected,Race,Education,Married,Age,Gender,Zip,GeneralTrust,TakeAdvantage,TryToHelp,Employment,Income,IncomeSource,IncomeSource_7_TEXT,ImportantInformation,AmazonPayment,AmazonDelay,RedCross,Disability,attentionCheck,surveyArm
2/14/2021 13:13,2/14/2021 13:18,IP Address,100,346,TRUE,2/14/2021 13:18,R_3qy5b7VSM7pYx24,anonymous,EN,Yes,5dcea4f895c5791088fda075,Firefox,85,Windows NT 10.0,1248x702,,,,,,White or Caucasian (Non-Hispanic),Bachelor degree,Married,65 or older,Male,12603,Most people can't be trusted,Would try to take advantage of you if they got a chance,Just look out for themselves,Retired,"$100,000 - $149,999","Social Security Retirement benefits,Other - Write In","Rental Income, Dividends",Real,Real,Real,Fake,Fake,6,arm3_tips
2/14/2021 13:17,2/14/2021 13:23,IP Address,100,336,TRUE,2/14/2021 13:23,R_1F3CngsgFSdBdzU,anonymous,EN,Yes,5b0484875e712a000179d8e6,Chrome,88.0.4324.152,Android 10,360x740,Real,Real,Fake,Real,Fake,African American or African (Non-Hispanic),Bachelor degree,Married,25-34,Female,30094,Most people can't be trusted,Would try to take advantage of you if they got a chance,Just look out for themselves,"Employed, working 1-29 hours per week","$40,000 - $59,999","Wages, Salary, Commissions, Bonuses or Tips",,Real,Fake,Real,Fake,Real,6,arm4_training
2/14/2021 13:25,2/14/2021 13:29,IP Address,100,255,TRUE,2/14/2021 13:29,R_1fgefbsLfpD3xYu,anonymous,EN,Yes,5e7d4d65e3941d3df988adab,Safari,12.1.2,Macintosh,2048x1152,,,,,,White or Caucasian (Non-Hispanic),Bachelor degree,Married,55-64,Female,68130,Most people can be trusted,Would try to be fair no matter what,Just look out for themselves,"Employed, working 1-29 hours per week","$80,000 - $99,999","Wages, Salary, Commissions, Bonuses or Tips",,Fake,Real,Fake,Fake,Fake,6,arm1_control
2/14/2021 13:26,2/14/2021 13:33,IP Address,100,424,TRUE,2/14/2021 13:33,R_2ZDGgjgpqB8nfGH,anonymous,EN,Yes,5f021fbbe0d2de3aa52ec393,Chrome,88.0.4324.150,Windows NT 10.0,1786x1014,Fake,Real,Real,Real,Fake,White or Caucasian (Non-Hispanic),Graduate or professional degree,Single,25-34,Male,87701,Most people can't be trusted,Would try to take advantage of you if they got a chance,Just look out for themselves,"Employed, working 1-29 hours per week","$0 - $19,999","Wages, Salary, Commissions, Bonuses or Tips,Self-Employment Income from a Farm or Non-Farm Business You Own",,Real,Fake,Real,Fake,Fake,6,arm4_training
2/14/2021 13:33,2/14/2021 13:37,IP Address,100,224,TRUE,2/14/2021 13:37,R_3fIXOzmSSjkc1fl,anonymous,EN,Yes,5fecd5fa7e067ae6bd9cc8d2,Chrome,88.0.4324.150,Windows NT 6.1,2560x1440,,,,,,White or Caucasian (Non-Hispanic),Some college but no degree,Single,25-34,Male,89031,Most people can be trusted,Would try to take advantage of you if they got a chance,Just look out for themselves,"Employed, working 30 or more hours per week","$80,000 - $99,999","Wages, Salary, Commissions, Bonuses or Tips",,Real,Real,Real,Fake,Fake,6,arm3_tips
2/14/2021 13:33,2/14/2021 13:39,IP Address,100,359,TRUE,2/14/2021 13:39,R_2YXFNf247GG78F7,anonymous,EN,Yes,5e950429412cf00e20a66a6c,Chrome,88.0.4324.150,Windows NT 10.0,1920x1080,,,,,,Asian American or Asian,Bachelor degree,Married,35-44,Female,94030,Most people can be trusted,Would try to be fair no matter what,Try to help others,"Employed, working 30 or more hours per week","$150,000 or more","Wages, Salary, Commissions, Bonuses or Tips",,Real,Real,Fake,Fake,Fake,6,arm3_tips
2/14/2021 13:35,2/14/2021 13:40,IP Address,100,314,TRUE,2/14/2021 13:40,R_PYa0cmlCN3xMpDH,anonymous,EN,Yes,5c695a065416680001bef3c0,Firefox,85,Windows NT 10.0,1920x1080,Fake,Real,Fake,Real,Fake,White or Caucasian (Non-Hispanic),Some college but no degree,Single,25-34,Female,29440,Most people can't be trusted,Would try to take advantage of you if they got a chance,Just look out for themselves,"Employed, working 1-29 hours per week","$0 - $19,999","Wages, Salary, Commissions, Bonuses or Tips",,Real,Fake,Real,Fake,Real,6,arm4_training
2/14/2021 13:39,2/14/2021 13:46,IP Address,100,437,TRUE,2/14/2021 13:46,R_3m7Po1V4zb2bqkp,anonymous,EN,Yes,5b91df2155a9c60001c07fb7,Chrome,88.0.4324.150,Windows NT 10.0,1920x1080,,,,,,White or Caucasian (Non-Hispanic),Bachelor degree,Single,25-34,Female,46038,Most people can't be trusted,Would try to take advantage of you if they got a chance,Try to help others,"Employed, working 30 or more hours per week","$20,000 - $39,999","Wages, Salary, Commissions, Bonuses or Tips",,Real,Real,Real,Real,Fake,6,arm1_control
2/14/2021 13:42,2/14/2021 13:46,IP Address,100,277,TRUE,2/14/2021 13:47,R_eKwuIpVZwgnKgrD,anonymous,EN,Yes,5fe6b151e6b2814f8d8bdd00,Edge,88.0.705.63,Windows NT 10.0,3440x1440,Fake,Real,Fake,Real,Fake,White or Caucasian (Non-Hispanic),Graduate or professional degree,Single,35-44,Male,38120,Most people can be trusted,Would try to take advantage of you if they got a chance,Just look out for themselves,"Employed, working 30 or more hours per week","$60,000 - $79,999","Wages, Salary, Commissions, Bonuses or Tips",,Real,Fake,Real,Fake,Fake,6,arm4_training
2/14/2021 13:45,2/14/2021 13:49,IP Address,100,275,TRUE,2/14/2021 13:49,R_PIdKRP6fF1QUMaB,anonymous,EN,Yes,5864884ca7f6480001ed9725,Chrome,88.0.4324.146,Windows NT 10.0,1536x864,,,,,,White or Caucasian (Non-Hispanic),Bachelor degree,Married,35-44,Female,95006,Most people can be trusted,Would try to be fair no matter what,Try to help others,"Employed, working 1-29 hours per week","$80,000 - $99,999","Wages, Salary, Commissions, Bonuses or Tips,Self-Employment Income from a Farm or Non-Farm Business You Own,Any Other Public Assistance or Welfare Payments",,Real,Real,Real,Fake,Fake,6,arm3_tips
2/14/2021 13:46,2/14/2021 13:50,IP Address,100,206,TRUE,2/14/2021 13:50,R_2VfM9BDC76hBEDA,anonymous,EN,Yes,5f3d88e03a16f0163ff5b93a,Chrome,88.0.4324.150,Windows NT 10.0,1920x1080,,,,,,White or Caucasian (Non-Hispanic),Associate degree,Single,35-44,Male,4022,Most people can be trusted,Would try to be fair no matter what,Try to help others,"Employed, working 1-29 hours per week","$100,000 - $149,999",Self-Employment Income from a Farm or Non-Farm Business You Own,,Real,Fake,Real,Fake,Fake,6,arm2_generalinfo
2/14/2021 13:44,2/14/2021 13:50,IP Address,100,357,TRUE,2/14/2021 13:50,R_323oT6DzDrf5YwF,anonymous,EN,Yes,58db227dc207720001e2f63a,Chrome,88.0.4324.150,Windows NT 10.0,1366x768,,,,,,White or Caucasian (Non-Hispanic),Graduate or professional degree,Divorced or Separated,55-64,Male,2148,Most people can be trusted,Would try to be fair no matter what,Try to help others,"Employed, working 30 or more hours per week","$60,000 - $79,999","Wages, Salary, Commissions, Bonuses or Tips",,Real,Real,Real,Fake,Fake,6,arm2_generalinfo
2/14/2021 13:48,2/14/2021 13:53,IP Address,100,294,TRUE,2/14/2021 13:53,R_RWzwVLsLn9f3Cwx,anonymous,EN,Yes,5d40edcf4e509a0019f66a65,Firefox,85,Macintosh,1366x768,,,,,,White or Caucasian (Non-Hispanic),Bachelor degree,Married,25-34,Female,26505,Most people can't be trusted,Would try to take advantage of you if they got a chance,Just look out for themselves,"Not employed, looking for work","$40,000 - $59,999","Wages, Salary, Commissions, Bonuses or Tips",,Real,Real,Real,Real,Real,6,arm3_tips
2/14/2021 13:49,2/14/2021 13:53,IP Address,100,267,TRUE,2/14/2021 13:53,R_elc2R77CNuj5t61,anonymous,EN,Yes,5f69602cf5d6dd1506d536b4,Chrome,80.0.3987.149,Windows NT 10.0,1372x772,,,,,,White or Caucasian (Non-Hispanic),Bachelor degree,Married,45-54,Female,54457,Most people can be trusted,Would try to take advantage of you if they got a chance,Just look out for themselves,"Employed, working 30 or more hours per week","$60,000 - $79,999","Wages, Salary, Commissions, Bonuses or Tips,Self-Employment Income from a Farm or Non-Farm Business You Own",,Real,Fake,Real,Fake,Fake,6,arm1_control
2/14/2021 13:50,2/14/2021 13:55,IP Address,100,296,TRUE,2/14/2021 13:55,R_1LZIkzzadvl8Abh,anonymous,EN,Yes,5fa315662ca5b25d05ae8236,Safari,13.1.2,Macintosh,1280x800,Fake,Fake,Fake,Fake,Fake,White or Caucasian (Non-Hispanic),Bachelor degree,Divorced or Separated,45-54,Female,7040,Most people can be trusted,Would try to be fair no matter what,Just look out for themselves,"Not employed, looking for work","$80,000 - $99,999","Wages, Salary, Commissions, Bonuses or Tips,Any Other Public Assistance or Welfare Payments",,Real,Fake,Real,Fake,Real,6,arm4_training
2/14/2021 13:53,2/14/2021 13:58,IP Address,100,323,TRUE,2/14/2021 13:58,R_1oHXZfQwh74Kq4r,anonymous,EN,Yes,6003c56fde83e54092438761,Chrome,88.0.4324.150,Macintosh,1440x900,,,,,,White or Caucasian (Non-Hispanic),Bachelor degree,Married,25-34,Female,85286,Most people can't be trusted,Would try to take advantage of you if they got a chance,Just look out for themselves,"Not employed, NOT looking for work","$80,000 - $99,999",Self-Employment Income from a Farm or Non-Farm Business You Own,,Real,Fake,Real,Real,Fake,6,arm2_generalinfo
2/14/2021 13:55,2/14/2021 14:00,IP Address,100,262,TRUE,2/14/2021 14:00,R_2P6SBMfQg47Ujcl,anonymous,EN,Yes,5ee0fda50c2ad10d237775b1,Chrome,88.0.4324.150,Windows NT 10.0,2560x1440,,,,,,Asian American or Asian,Bachelor degree,Married,45-54,Male,11727,Most people can be trusted,Would try to take advantage of you if they got a chance,Try to help others,"Employed, working 30 or more hours per week","$150,000 or more","Wages, Salary, Commissions, Bonuses or Tips",,Real,Fake,Real,Fake,Real,6,arm1_control
2/14/2021 13:56,2/14/2021 14:01,IP Address,100,333,TRUE,2/14/2021 14:01,R_31aNd2ZDbZSf0fl,anonymous,EN,Yes,5fefbec3bbdf7f33937fb7b9,Safari,14.0.2,Macintosh,1680x1050,Fake,Real,Fake,Real,Fake,Asian American or Asian,Graduate or professional degree,Married,25-34,Male,66062,Most people can't be trusted,Would try to take advantage of you if they got a chance,Try to help others,"Employed, working 30 or more hours per week","$80,000 - $99,999",,,Real,Fake,Real,Real,Fake,6,arm4_training
2/14/2021 13:57,2/14/2021 14:03,IP Address,100,367,TRUE,2/14/2021 14:03,R_2c6oViBYD7YdC9V,anonymous,EN,Yes,5c03217b1a20110001e979f0,Firefox,85,Macintosh,1920x1080,,,,,,White or Caucasian (Non-Hispanic),Some college but no degree,Single,35-44,Male,20175,Most people can be trusted,Would try to be fair no matter what,Try to help others,"Not employed, looking for work","$60,000 - $79,999",Other - Write In,Freelance work,Real,Real,Real,Fake,Fake,6,arm2_generalinfo
2/14/2021 13:59,2/14/2021 14:03,IP Address,100,278,TRUE,2/14/2021 14:03,R_xxsHOW43Lm0ynDP,anonymous,EN,Yes,5d375cdbca3e5500183e36e4,Firefox,85,Windows NT 10.0,1920x1080,,,,,,"Native American, Native Hawaiian or Pacific Islander","High school degree or equivalent (e.g., GED)",Single,25-34,Male,74055,Most people can't be trusted,Would try to take advantage of you if they got a chance,Just look out for themselves,"Employed, working 30 or more hours per week","$40,000 - $59,999","Wages, Salary, Commissions, Bonuses or Tips,Self-Employment Income from a Farm or Non-Farm Business You Own",,Real,Fake,Real,Fake,Fake,6,arm2_generalinfo
2/14/2021 14:00,2/14/2021 14:04,IP Address,100,209,TRUE,2/14/2021 14:04,R_21AR5zfUrgMCEHF,anonymous,EN,Yes,5b2f2c586d601d0001d5cd73,Chrome,88.0.4324.150,Windows NT 10.0,1920x1080,,,,,,White or Caucasian (Non-Hispanic),Some college but no degree,Single,35-44,Male,93560,Most people can't be trusted,Would try to take advantage of you if they got a chance,Try to help others,"Employed, working 30 or more hours per week","$60,000 - $79,999","Wages, Salary, Commissions, Bonuses or Tips",,Real,Fake,Real,Fake,Fake,6,arm3_tips
2/14/2021 14:02,2/14/2021 14:04,IP Address,100,132,TRUE,2/14/2021 14:04,R_1DoLVCvZ233xbw7,anonymous,EN,Yes,56b9ff0f1a7862000c6f8dff,Chrome,88.0.4324.150,Windows NT 10.0,1829x1029,,,,,,White or Caucasian (Non-Hispanic),Bachelor degree,Single,25-34,Male,60154,Most people can't be trusted,Would try to take advantage of you if they got a chance,Just look out for themselves,"Employed, working 30 or more hours per week","$40,000 - $59,999","Wages, Salary, Commissions, Bonuses or Tips",,Real,Real,Real,Real,Fake,6,arm3_tips
2/14/2021 13:58,2/14/2021 14:04,IP Address,100,368,TRUE,2/14/2021 14:04,R_1j7Eau4Nih9sEGB,anonymous,EN,Yes,5e8ce14a7677d50abfce5e01,Firefox,85,Windows NT 10.0,1440x900,,,,,,White or Caucasian (Non-Hispanic),Bachelor degree,Married,55-64,Female,43217,Most people can't be trusted,Would try to take advantage of you if they got a chance,Just look out for themselves,"Employed, working 30 or more hours per week","$100,000 - $149,999","Wages, Salary, Commissions, Bonuses or Tips",,Real,Real,Real,Real,Fake,6,arm3_tips
2/14/2021 14:00,2/14/2021 14:05,IP Address,100,254,TRUE,2/14/2021 14:05,R_ZkQO06T8X8k9UVb,anonymous,EN,Yes,5b7e9423ff11090001729f13,Edge,88.0.705.68,Windows NT 10.0,1368x912,Fake,Real,Fake,Fake,Fake,White or Caucasian (Non-Hispanic),Bachelor degree,Married,25-34,Male,19148,Most people can be trusted,Would try to be fair no matter what,Try to help others,"Employed, working 30 or more hours per week","$60,000 - $79,999","Wages, Salary, Commissions, Bonuses or Tips",,Real,Fake,Real,Fake,Fake,6,arm4_training
2/14/2021 13:56,2/14/2021 14:05,IP Address,100,500,TRUE,2/14/2021 14:05,R_3mf9kWm4XmWEF6y,anonymous,EN,Yes,5e04f4bbafb8b0f605589b35,Chrome,88.0.4324.150,Windows NT 10.0,1865x1049,,,,,,White or Caucasian (Non-Hispanic),Bachelor degree,Married,35-44,Female,30339,Most people can be trusted,Would try to be fair no matter what,Just look out for themselves,"Employed, working 30 or more hours per week","$80,000 - $99,999","Wages, Salary, Commissions, Bonuses or Tips",,Real,Fake,Real,Real,Fake,6,arm1_control
2/14/2021 13:53,2/14/2021 14:07,IP Address,100,844,TRUE,2/14/2021 14:08,R_2OPkMQHNxIPRRrW,anonymous,EN,Yes,5e56bd8ba80a0b0741dc443d,Chrome,88.0.4324.146,Windows NT 10.0,2560x1440,,,,,,"White or Caucasian (Non-Hispanic),Native American, Native Hawaiian or Pacific Islander",Some college but no degree,Married,25-34,Male,93955,Most people can't be trusted,Would try to take advantage of you if they got a chance,Just look out for themselves,"Employed, working 30 or more hours per week","$40,000 - $59,999","Wages, Salary, Commissions, Bonuses or Tips",,Real,Fake,Real,Real,Fake,6,arm2_generalinfo
2/14/2021 13:59,2/14/2021 14:08,IP Address,100,565,TRUE,2/14/2021 14:08,R_2abfzJCR46ExqdT,anonymous,EN,Yes,5c5b38d5cca9e000010a07c4,Chrome,88.0.4324.150,Windows NT 10.0,1920x1080,Fake,Real,Fake,Real,Fake,White or Caucasian (Non-Hispanic),,Married,35-44,Female,7302,Most people can be trusted,Would try to be fair no matter what,Try to help others,"Employed, working 30 or more hours per week","$150,000 or more","Wages, Salary, Commissions, Bonuses or Tips",,Real,Fake,Real,Fake,Fake,6,arm4_training
2/14/2021 14:00,2/14/2021 14:08,IP Address,100,524,TRUE,2/14/2021 14:08,R_246kWHPUMlraEGm,anonymous,EN,Yes,5e05164139bcdef654a16e5f,Chrome,88.0.4324.150,Windows NT 10.0,1600x900,,,,,,African American or African (Non-Hispanic),Graduate or professional degree,Divorced or Separated,55-64,Female,30058,Most people can be trusted,Would try to be fair no matter what,Try to help others,"Employed, working 30 or more hours per week","$100,000 - $149,999","Wages, Salary, Commissions, Bonuses or Tips",,Real,Real,Real,Fake,Fake,6,arm3_tips
2/14/2021 14:04,2/14/2021 14:10,IP Address,100,330,TRUE,2/14/2021 14:10,R_2xQ6NkfMG08o4kE,anonymous,EN,Yes,5955d3c916b84c00012b9d77,Chrome,87.0.4280.101,Android 10,412x869,,,,,,White or Caucasian (Non-Hispanic),Bachelor degree,Married,35-44,Male,30188,Most people can be trusted,Would try to be fair no matter what,Just look out for themselves,"Employed, working 30 or more hours per week","$100,000 - $149,999","Wages, Salary, Commissions, Bonuses or Tips",,Real,Real,Real,Real,Fake,6,arm1_control
2/14/2021 14:05,2/14/2021 14:10,IP Address,100,291,TRUE,2/14/2021 14:10,R_2aEm3zUTj5hUFY2,anonymous,EN,Yes,5fc1b68cd522062b6423b043,Firefox,85,Macintosh,1920x1080,,,,,,White or Caucasian (Non-Hispanic),Bachelor degree,Married,45-54,Female,87124,Most people can be trusted,Would try to be fair no matter what,Just look out for themselves,"Employed, working 1-29 hours per week","$150,000 or more",Self-Employment Income from a Farm or Non-Farm Business You Own,,Real,Fake,Real,Fake,Fake,6,arm3_tips
2/14/2021 14:04,2/14/2021 14:10,IP Address,100,356,TRUE,2/14/2021 14:10,R_2PbQUvrFjP13YAH,anonymous,EN,Yes,5ebd8493184c88093860067a,Chrome,88.0.4324.150,Macintosh,1440x900,Fake,Real,Fake,Real,Fake,White or Caucasian (Non-Hispanic),Graduate or professional degree,Married,45-54,Female,38655,Most people can be trusted,Would try to take advantage of you if they got a chance,Just look out for themselves,"Employed, working 30 or more hours per week","$100,000 - $149,999","Wages, Salary, Commissions, Bonuses or Tips",,Real,Fake,Real,Fake,Fake,6,arm4_training
2/14/2021 14:03,2/14/2021 14:10,IP Address,100,450,TRUE,2/14/2021 14:10,R_3DnlWU6NygXSvdx,anonymous,EN,Yes,5d30e5f3e057f0001724501e,Chrome,88.0.4324.150,Windows NT 10.0,1536x864,Fake,Real,Real,Real,Fake,White or Caucasian (Non-Hispanic),Some college but no degree,Divorced or Separated,45-54,Female,95864,Most people can be trusted,Would try to take advantage of you if they got a chance,Try to help others,"Employed, working 30 or more hours per week","$60,000 - $79,999","Wages, Salary, Commissions, Bonuses or Tips",,Real,Real,Real,Fake,Fake,6,arm4_training
2/14/2021 14:05,2/14/2021 14:10,IP Address,100,308,TRUE,2/14/2021 14:10,R_3IRIVMnoasie057,anonymous,EN,Yes,5e34929ef92fd9000a1236f1,Safari,12.1.2,Macintosh,2560x1440,,,,,,White or Caucasian (Non-Hispanic),Bachelor degree,Divorced or Separated,55-64,Female,14850,Most people can't be trusted,Would try to take advantage of you if they got a chance,Try to help others,"Employed, working 1-29 hours per week","$20,000 - $39,999","Self-Employment Income from a Farm or Non-Farm Business You Own,Other - Write In",alimony,Real,Fake,Real,Real,Fake,6,arm2_generalinfo
2/14/2021 14:05,2/14/2021 14:11,IP Address,100,377,TRUE,2/14/2021 14:11,R_1jTzYzPFzQKpc7i,anonymous,EN,Yes,5b9bca2b948c2c0001fb01e0,Firefox,85,Windows NT 10.0,1088x612,Fake,Fake,Fake,Real,Fake,White or Caucasian (Non-Hispanic),Associate degree,Married,35-44,Male,34981,Most people can't be trusted,Would try to take advantage of you if they got a chance,Just look out for themselves,"Employed, working 1-29 hours per week","$0 - $19,999","Wages, Salary, Commissions, Bonuses or Tips",,Real,Fake,Real,Real,Fake,6,arm4_training
2/14/2021 14:05,2/14/2021 14:12,IP Address,100,444,TRUE,2/14/2021 14:12,R_1ikeePCR4G9DDuq,anonymous,EN,Yes,5dd3217aeab04233748a4263,Safari,14.0.3,Macintosh,1280x800,,,,,,White or Caucasian (Non-Hispanic),Bachelor degree,Single,45-54,Female,28210,Most people can be trusted,Would try to be fair no matter what,Try to help others,"Disabled, not able to work","$60,000 - $79,999","Wages, Salary, Commissions, Bonuses or Tips,Disability Support (VA, SSA, etc.)",,Real,Fake,Real,Real,Fake,6,arm3_tips
2/14/2021 14:03,2/14/2021 14:13,IP Address,100,546,TRUE,2/14/2021 14:13,R_5c1lMzKlrwM9Csp,anonymous,EN,Yes,5ff394b59f4b9e9dfadfb6b0,Chrome,88.0.4324.146,Macintosh,1440x900,,,,,,White or Caucasian (Non-Hispanic),Graduate or professional degree,Married,55-64,Male,22802,Most people can be trusted,Would try to be fair no matter what,Try to help others,Retired,"$20,000 - $39,999","Wages, Salary, Commissions, Bonuses or Tips,Self-Employment Income from a Farm or Non-Farm Business You Own,Employer-Sponsored Retirement Income, IRAs, or Pensions",,Real,Real,Real,Fake,Fake,6,arm2_generalinfo
2/14/2021 14:01,2/14/2021 14:14,IP Address,100,769,TRUE,2/14/2021 14:14,R_21iZmH0evuVTKnK,anonymous,EN,Yes,5f8b4d2818b10425e7305610,Edge,88.0.705.68,Windows NT 10.0,1600x900,,,,,,White or Caucasian (Non-Hispanic),Associate degree,Married,65 or older,Male,63834,Most people can be trusted,Would try to be fair no matter what,Try to help others,Retired,"$40,000 - $59,999","Wages, Salary, Commissions, Bonuses or Tips,Social Security Retirement benefits,Employer-Sponsored Retirement Income, IRAs, or Pensions",,Fake,Fake,Real,Real,Fake,6,arm3_tips
2/14/2021 14:08,2/14/2021 14:14,IP Address,100,328,TRUE,2/14/2021 14:14,R_dbRPFLzpJRd66n7,anonymous,EN,Yes,5aeaa1b66474a80001c30ced,Chrome,88.0.4324.150,Macintosh,1440x900,Fake,Real,Fake,Real,Fake,White or Caucasian (Non-Hispanic),Graduate or professional degree,Single,25-34,Female,20008,Most people can be trusted,Would try to take advantage of you if they got a chance,Try to help others,"Employed, working 30 or more hours per week","$150,000 or more","Wages, Salary, Commissions, Bonuses or Tips",,Real,Fake,Real,Fake,Fake,6,arm4_training
2/14/2021 14:07,2/14/2021 14:14,IP Address,100,426,TRUE,2/14/2021 14:14,R_3GB2oEz7JTU7GQh,anonymous,EN,Yes,5fa62963d5f64b209953d321,Safari,14.0.2,Macintosh,1440x900,,,,,,White or Caucasian (Non-Hispanic),Bachelor degree,Single,25-34,Female,48823,Most people can't be trusted,Would try to take advantage of you if they got a chance,Just look out for themselves,"Not employed, NOT looking for work","$20,000 - $39,999",Self-Employment Income from a Farm or Non-Farm Business You Own,,Fake,Fake,Real,Fake,Fake,6,arm2_generalinfo
2/14/2021 14:09,2/14/2021 14:14,IP Address,100,268,TRUE,2/14/2021 14:14,R_1EbBtvsTupupWlw,anonymous,EN,Yes,5e8a224936bc636c1b0152cc,Chrome,88.0.4324.150,Windows NT 10.0,1536x864,,,,,,White or Caucasian (Non-Hispanic),Bachelor degree,Single,45-54,Male,46038,Most people can be trusted,Would try to be fair no matter what,Try to help others,"Employed, working 30 or more hours per week","$100,000 - $149,999","Wages, Salary, Commissions, Bonuses or Tips",,Real,Fake,Real,Fake,Fake,6,arm1_control
2/14/2021 14:08,2/14/2021 14:14,IP Address,100,368,TRUE,2/14/2021 14:14,R_1K9huuHoSB3pknl,anonymous,EN,Yes,5dccb82a76eab294aa4837ff,Chrome,88.0.4324.150,Windows NT 10.0,1366x768,Fake,Real,Fake,Real,Fake,White or Caucasian (Non-Hispanic),Some college but no degree,Married,45-54,Male,97601,Most people can be trusted,Would try to be fair no matter what,Try to help others,"Disabled, not able to work","$0 - $19,999","Supplemental Security Income (SSI),Disability Support (VA, SSA, etc.)",,Real,Fake,Real,Fake,Fake,6,arm4_training
2/14/2021 14:10,2/14/2021 14:15,IP Address,100,279,TRUE,2/14/2021 14:15,R_Rb5OrPsLeZa3OjD,anonymous,EN,Yes,5744a6037fd0ec000fb5163f,Firefox,85,Macintosh,1440x900,Fake,Real,Fake,Real,Fake,White or Caucasian (Non-Hispanic),Graduate or professional degree,Married,35-44,Male,21144,Most people can be trusted,Would try to take advantage of you if they got a chance,Just look out for themselves,"Employed, working 30 or more hours per week","$150,000 or more","Wages, Salary, Commissions, Bonuses or Tips",,Real,Fake,Real,Fake,Fake,6,arm4_training
2/14/2021 14:11,2/14/2021 14:15,IP Address,100,237,TRUE,2/14/2021 14:15,R_2PbVFMzDQrtsQ8R,anonymous,EN,Yes,5b9ee4918d042e0001403143,Chrome,87.0.4280.88,Macintosh,1680x1050,Real,Real,Real,Real,Fake,White or Caucasian (Non-Hispanic),Bachelor degree,Married,25-34,Male,44120,Most people can be trusted,Would try to be fair no matter what,Try to help others,"Employed, working 30 or more hours per week","$60,000 - $79,999","Wages, Salary, Commissions, Bonuses or Tips,Self-Employment Income from a Farm or Non-Farm Business You Own",,Real,Fake,Real,Fake,Fake,6,arm4_training
2/14/2021 14:10,2/14/2021 14:15,IP Address,100,278,TRUE,2/14/2021 14:15,R_1I4S26cC7gC9PGt,anonymous,EN,Yes,5589a860fdf99b11b2d0404d,Chrome,88.0.4324.150,Windows NT 10.0,1536x864,,,,,,White or Caucasian (Non-Hispanic),Bachelor degree,Married,35-44,Male,40503,Most people can't be trusted,Would try to be fair no matter what,Try to help others,"Employed, working 30 or more hours per week","$60,000 - $79,999","Wages, Salary, Commissions, Bonuses or Tips",,Real,Fake,Real,Real,Fake,6,arm2_generalinfo
2/14/2021 14:07,2/14/2021 14:15,IP Address,100,476,TRUE,2/14/2021 14:15,R_vT5LCfX1fzgDLBn,anonymous,EN,Yes,5b54ce6fb7ef510001676f99,Chrome,88.0.4324.150,Windows NT 10.0,1920x1080,Fake,Real,Fake,Real,Fake,White or Caucasian (Non-Hispanic),Graduate or professional degree,Single,35-44,Male,61071,Most people can be trusted,Would try to be fair no matter what,Try to help others,"Employed, working 30 or more hours per week","$20,000 - $39,999","Self-Employment Income from a Farm or Non-Farm Business You Own,Other - Write In",Stimulus checks not sure if that counts as Public Assistance,Real,Fake,Real,Fake,Fake,6,arm4_training
2/14/2021 14:10,2/14/2021 14:15,IP Address,100,303,TRUE,2/14/2021 14:15,R_2OYWDfN3rjoaQCz,anonymous,EN,Yes,5eb229853180f618a6377491,Firefox,85,Windows NT 10.0,1366x768,,,,,,White or Caucasian (Non-Hispanic),Bachelor degree,Single,25-34,Female,20002,Most people can be trusted,Would try to be fair no matter what,Just look out for themselves,"Employed, working 30 or more hours per week","$60,000 - $79,999","Wages, Salary, Commissions, Bonuses or Tips",,Real,Real,Real,Real,Fake,6,arm3_tips
2/14/2021 14:07,2/14/2021 14:16,IP Address,100,540,TRUE,2/14/2021 14:16,R_27fJ0PpdUfiDxdd,anonymous,EN,Yes,60222974e0dc222e5701c40e,Chrome,88.0.4324.152,Android 11,412x915,Fake,Real,Fake,Real,Fake,Hispanic,Some college but no degree,Single,25-34,Male,85210,Most people can't be trusted,Would try to take advantage of you if they got a chance,Just look out for themselves,"Employed, working 30 or more hours per week","$40,000 - $59,999","Wages, Salary, Commissions, Bonuses or Tips",,Real,Fake,Real,Fake,Fake,6,arm4_training
2/14/2021 14:06,2/14/2021 14:16,IP Address,100,598,TRUE,2/14/2021 14:16,R_3GiZcN4ztRTUEvA,anonymous,EN,Yes,5eeaa1b7fe8d9a1d3473f671,Chrome,88.0.4324.150,Macintosh,1440x900,Real,Real,Fake,Real,Fake,White or Caucasian (Non-Hispanic),Graduate or professional degree,Married,25-34,Female,30350,Most people can't be trusted,Would try to take advantage of you if they got a chance,Just look out for themselves,"Employed, working 30 or more hours per week","$40,000 - $59,999","Wages, Salary, Commissions, Bonuses or Tips",,Real,Fake,Real,Fake,Fake,6,arm4_training
2/14/2021 14:11,2/14/2021 14:16,IP Address,100,280,TRUE,2/14/2021 14:16,R_XBA1Q2vnYdjU8sV,anonymous,EN,Yes,5b0029933c08a1000156662c,Chrome,75.0.3770.100,Macintosh,1440x900,Fake,Real,Fake,Real,Real,White or Caucasian (Non-Hispanic),Bachelor degree,Single,25-34,Female,20002,Most people can't be trusted,Would try to take advantage of you if they got a chance,Try to help others,"Employed, working 30 or more hours per week","$100,000 - $149,999","Wages, Salary, Commissions, Bonuses or Tips",,Real,Fake,Real,Fake,Fake,6,arm4_training
2/14/2021 14:11,2/14/2021 14:17,IP Address,100,357,TRUE,2/14/2021 14:17,R_30u9rLlTzUlRtEY,anonymous,EN,Yes,601619d1c1146d7781db41ff,Chrome,88.0.4324.152,Windows NT 10.0,1280x1024,,,,,,Hispanic,Some college but no degree,Single,25-34,Male,60629,Most people can't be trusted,Would try to take advantage of you if they got a chance,Just look out for themselves,"Employed, working 30 or more hours per week","$60,000 - $79,999","Wages, Salary, Commissions, Bonuses or Tips",,Real,Real,Real,Real,Real,6,arm1_control
2/14/2021 14:07,2/14/2021 14:17,IP Address,100,581,TRUE,2/14/2021 14:17,R_2aRKIczvCpv807D,anonymous,EN,Yes,5dcf34f64fee9907fc626f0f,Safari,14.0.2,Macintosh,1440x900,,,,,,"White or Caucasian (Non-Hispanic),Native American, Native Hawaiian or Pacific Islander",Graduate or professional degree,Single,65 or older,Female,10011,Most people can't be trusted,Would try to be fair no matter what,Just look out for themselves,"Not employed, looking for work","$20,000 - $39,999","Self-Employment Income from a Farm or Non-Farm Business You Own,Social Security Retirement benefits",,Real,Fake,Real,Real,Fake,6,arm2_generalinfo
2/14/2021 14:12,2/14/2021 14:18,IP Address,100,332,TRUE,2/14/2021 14:18,R_1BPiNAwqZHNnXHR,anonymous,EN,Yes,5ad6b454a9ea0500019a087a,Chrome,88.0.4324.150,Windows NT 10.0,1366x768,Fake,Real,Fake,Real,Fake,White or Caucasian (Non-Hispanic),Some college but no degree,Single,35-44,Male,67207,Most people can't be trusted,Would try to take advantage of you if they got a chance,Just look out for themselves,"Employed, working 30 or more hours per week","$40,000 - $59,999","Wages, Salary, Commissions, Bonuses or Tips",,Real,Fake,Real,Real,Fake,6,arm4_training
2/14/2021 14:14,2/14/2021 14:18,IP Address,100,246,TRUE,2/14/2021 14:18,R_3hti1NOrXTnODxj,anonymous,EN,Yes,5a8ed59ff49c9a0001f3e1d7,Chrome,88.0.4324.150,Windows NT 10.0,1920x1080,Real,Real,Fake,Real,Fake,African American or African (Non-Hispanic),Bachelor degree,Single,25-34,Male,10023,Most people can't be trusted,Would try to take advantage of you if they got a chance,Just look out for themselves,"Employed, working 30 or more hours per week","$80,000 - $99,999","Wages, Salary, Commissions, Bonuses or Tips",,Real,Fake,Real,Fake,Fake,6,arm4_training
2/14/2021 14:07,2/14/2021 14:19,IP Address,100,738,TRUE,2/14/2021 14:19,R_2aWWc9B4RV5Y642,anonymous,EN,Yes,60221b1dd2aa572b9c32287b,Chrome,88.0.4324.150,Windows NT 10.0,1366x768,,,,,,African American or African (Non-Hispanic),Bachelor degree,Single,25-34,Male,37385,Most people can't be trusted,Would try to take advantage of you if they got a chance,Just look out for themselves,"Employed, working 30 or more hours per week","$80,000 - $99,999","Wages, Salary, Commissions, Bonuses or Tips",,Real,Real,Real,Real,Fake,6,arm2_generalinfo
2/14/2021 14:14,2/14/2021 14:21,IP Address,100,396,TRUE,2/14/2021 14:21,R_1fZqbAsIuZTgSVR,anonymous,EN,Yes,59c3eeac05da9d0001402bcd,Chrome iPad,87.0.4280.77,iPad,768x1024,Fake,Real,Fake,Fake,Fake,White or Caucasian (Non-Hispanic),Some college but no degree,Divorced or Separated,35-44,Female,63011,Most people can't be trusted,Would try to take advantage of you if they got a chance,Just look out for themselves,"Not employed, NOT looking for work","$0 - $19,999","Wages, Salary, Commissions, Bonuses or Tips",,Real,Real,Fake,Fake,Fake,6,arm4_training
2/14/2021 14:16,2/14/2021 14:21,IP Address,100,280,TRUE,2/14/2021 14:21,R_3kCdfOBcg0JzRRM,anonymous,EN,Yes,5f5bd178d9952538dd3d9aa8,Firefox,85,Windows NT 10.0,1280x720,Fake,Real,Fake,Real,Fake,Asian American or Asian,,Single,25-34,Male,10305,Most people can be trusted,Would try to take advantage of you if they got a chance,Just look out for themselves,"Employed, working 30 or more hours per week","$40,000 - $59,999","Wages, Salary, Commissions, Bonuses or Tips",,Real,Fake,Real,Fake,Fake,6,arm4_training
2/14/2021 14:15,2/14/2021 14:21,IP Address,100,352,TRUE,2/14/2021 14:21,R_8C99ZjIqBpR1qeZ,anonymous,EN,Yes,6026a3ebafa99a37b8146ddc,Chrome,88.0.4324.141,Android 9,412x846,,,,,,White or Caucasian (Non-Hispanic),Associate degree,Married,25-34,Male,15065,Most people can't be trusted,Would try to take advantage of you if they got a chance,Try to help others,"Employed, working 30 or more hours per week","$40,000 - $59,999","Wages, Salary, Commissions, Bonuses or Tips,Disability Support (VA, SSA, etc.)",,Real,Real,Real,Real,Fake,6,arm2_generalinfo
2/14/2021 14:10,2/14/2021 14:21,IP Address,100,642,TRUE,2/14/2021 14:21,R_1OE3vLCukTvenUv,anonymous,EN,Yes,5deaf334789cb321c7f002c2,Chrome,88.0.4324.150,Windows NT 10.0,1536x864,,,,,,White or Caucasian (Non-Hispanic),Bachelor degree,Single,45-54,Female,78217,Most people can be trusted,Would try to be fair no matter what,Try to help others,"Employed, working 30 or more hours per week","$40,000 - $59,999",Self-Employment Income from a Farm or Non-Farm Business You Own,,Real,Fake,Real,Fake,Fake,6,arm3_tips
2/14/2021 14:15,2/14/2021 14:22,IP Address,100,391,TRUE,2/14/2021 14:22,R_3LhxgRV1HkcJr1P,anonymous,EN,Yes,5e365c3a1662ea5feaa6310a,Safari,14.0.3,Macintosh,1366x768,,,,,,"White or Caucasian (Non-Hispanic),Asian American or Asian",Graduate or professional degree,Single,25-34,Female,80231,Most people can be trusted,Would try to be fair no matter what,Try to help others,"Employed, working 30 or more hours per week","$40,000 - $59,999","Wages, Salary, Commissions, Bonuses or Tips",,Real,Fake,Real,Fake,Fake,6,arm2_generalinfo
2/14/2021 14:17,2/14/2021 14:22,IP Address,100,303,TRUE,2/14/2021 14:22,R_1P7a1KZz85XqpLZ,anonymous,EN,Yes,5fd04f490266f80c2e913667,Chrome,88.0.4324.152,Android 11,412x869,,,,,,White or Caucasian (Non-Hispanic),Some college but no degree,Married,25-34,Male,22405,Most people can't be trusted,Would try to be fair no matter what,Just look out for themselves,"Employed, working 30 or more hours per week","$60,000 - $79,999","Wages, Salary, Commissions, Bonuses or Tips,Self-Employment Income from a Farm or Non-Farm Business You Own",,Real,Real,Real,Real,Fake,6,arm3_tips
2/14/2021 14:20,2/14/2021 14:22,IP Address,100,158,TRUE,2/14/2021 14:22,R_3e4foToNyeffFIq,anonymous,EN,Yes,5da88646fed6090012e5effd,Chrome,88.0.4324.150,Windows NT 10.0,1920x1200,,,,,,Asian American or Asian,Bachelor degree,Single,25-34,Male,92123,Most people can't be trusted,Would try to take advantage of you if they got a chance,Just look out for themselves,"Employed, working 30 or more hours per week","$60,000 - $79,999","Wages, Salary, Commissions, Bonuses or Tips",,Real,Fake,Real,Fake,Fake,6,arm2_generalinfo
2/14/2021 14:18,2/14/2021 14:23,IP Address,100,280,TRUE,2/14/2021 14:23,R_wRHtL2WNPqG6sLL,anonymous,EN,Yes,600b49e74362e31c3e4d445e,Chrome,88.0.4324.150,Windows NT 10.0,1920x1080,,,,,,"White or Caucasian (Non-Hispanic),Asian American or Asian",Bachelor degree,Married,25-34,Male,21043,Most people can't be trusted,Would try to take advantage of you if they got a chance,Just look out for themselves,"Not employed, looking for work","$20,000 - $39,999","Wages, Salary, Commissions, Bonuses or Tips",,Real,Real,Real,Fake,Fake,6,arm2_generalinfo
2/14/2021 14:15,2/14/2021 14:23,IP Address,100,480,TRUE,2/14/2021 14:23,R_2cAPEEqTbNSeHUc,anonymous,EN,Yes,5defdfa96c273703bd53b7f4,Chrome,88.0.4324.150,Windows NT 10.0,1536x864,Real,Real,Fake,Real,Fake,White or Caucasian (Non-Hispanic),"High school degree or equivalent (e.g., GED)",Single,25-34,Female,30054,Most people can't be trusted,Would try to take advantage of you if they got a chance,Try to help others,"Not employed, looking for work","$20,000 - $39,999","Wages, Salary, Commissions, Bonuses or Tips",,Real,Fake,Real,Fake,Real,6,arm4_training
2/14/2021 14:18,2/14/2021 14:24,IP Address,100,324,TRUE,2/14/2021 14:24,R_1DuJgWBEy7PgzHP,anonymous,EN,Yes,5e2b31856d1e38180da77784,Chrome,87.0.4280.141,Windows NT 10.0,1536x864,,,,,,White or Caucasian (Non-Hispanic),Some college but no degree,Single,25-34,Female,1020,Most people can be trusted,Would try to take advantage of you if they got a chance,Try to help others,"Employed, working 1-29 hours per week","$60,000 - $79,999",Self-Employment Income from a Farm or Non-Farm Business You Own,,Real,Real,Real,Real,Fake,6,arm2_generalinfo
2/14/2021 14:15,2/14/2021 14:24,IP Address,100,522,TRUE,2/14/2021 14:24,R_3QJnPLyrpz4rUw1,anonymous,EN,Yes,5fba83d59b6574a3b7a9cdef,Chrome,88.0.4324.150,Windows NT 10.0,1366x768,,,,,,Other,Graduate or professional degree,Single,45-54,Female,36066,Most people can't be trusted,Would try to take advantage of you if they got a chance,Just look out for themselves,"Employed, working 1-29 hours per week","$20,000 - $39,999","Wages, Salary, Commissions, Bonuses or Tips,Self-Employment Income from a Farm or Non-Farm Business You Own",,Real,Real,Real,Real,Fake,6,arm3_tips
2/14/2021 14:17,2/14/2021 14:24,IP Address,100,401,TRUE,2/14/2021 14:24,R_0fwaDx5OiwQTNHX,anonymous,EN,Yes,5a01e188ab721b0001ef7134,Chrome,87.0.4280.141,Windows NT 10.0,1360x768,,,,,,White or Caucasian (Non-Hispanic),Associate degree,Single,25-34,Male,42649,Most people can be trusted,Would try to be fair no matter what,Try to help others,"Not employed, NOT looking for work","$0 - $19,999",,,Real,Fake,Real,Fake,Fake,6,arm3_tips
2/14/2021 14:15,2/14/2021 14:24,IP Address,100,523,TRUE,2/14/2021 14:24,R_2WUSI77RLxM0mQL,anonymous,EN,Yes,5dc37cc0380a67285572a9b3,Chrome,88.0.4324.150,Macintosh,1440x900,Real,Real,Fake,Real,Fake,White or Caucasian (Non-Hispanic),Bachelor degree,Single,25-34,Male,32810,Most people can't be trusted,Would try to take advantage of you if they got a chance,Just look out for themselves,"Not employed, looking for work","$0 - $19,999",,,Real,Real,Real,Fake,Fake,6,arm4_training
2/14/2021 14:12,2/14/2021 14:24,IP Address,100,726,TRUE,2/14/2021 14:25,R_31vnkt0YfZcmAOp,anonymous,EN,Yes,5f3b5c13af40ed87431c7daa,Firefox,85,Windows NT 10.0,1366x768,,,,,,White or Caucasian (Non-Hispanic),Graduate or professional degree,Single,65 or older,Female,5346,Most people can be trusted,Would try to be fair no matter what,Just look out for themselves,"Employed, working 30 or more hours per week","$20,000 - $39,999",Self-Employment Income from a Farm or Non-Farm Business You Own,,Fake,Fake,Real,Fake,Fake,6,arm2_generalinfo
2/14/2021 14:21,2/14/2021 14:25,IP Address,100,199,TRUE,2/14/2021 14:25,R_2aS5RyIOTDpTVAS,anonymous,EN,Yes,5c037f464c14cf00019d379f,Chrome,88.0.4324.150,Windows NT 10.0,1366x768,,,,,,I prefer not to say,Bachelor degree,Single,25-34,Female,29405,Most people can be trusted,Would try to be fair no matter what,Just look out for themselves,"Employed, working 30 or more hours per week","$40,000 - $59,999","Wages, Salary, Commissions, Bonuses or Tips",,Real,Real,Real,Real,Fake,6,arm2_generalinfo
2/14/2021 14:17,2/14/2021 14:25,IP Address,100,454,TRUE,2/14/2021 14:25,R_7UNyyREZEkIkE6Z,anonymous,EN,Yes,5ea523b2a7782138712c7e1b,Firefox,85,Macintosh,1440x900,,,,,,Hispanic,Graduate or professional degree,Single,35-44,Female,91744,Most people can't be trusted,Would try to take advantage of you if they got a chance,Just look out for themselves,"Employed, working 30 or more hours per week","$60,000 - $79,999","Wages, Salary, Commissions, Bonuses or Tips",,Real,Fake,Real,Real,Fake,6,arm2_generalinfo
2/14/2021 14:22,2/14/2021 14:25,IP Address,100,170,TRUE,2/14/2021 14:25,R_2urfn2pFASW9qSe,anonymous,EN,Yes,5edbc236fe2a3307e3ca976f,Safari iPhone,14.0.3,iPhone,414x736,,,,,,White or Caucasian (Non-Hispanic),Associate degree,Divorced or Separated,25-34,Female,11766,Most people can't be trusted,Would try to take advantage of you if they got a chance,Just look out for themselves,"Employed, working 30 or more hours per week","$80,000 - $99,999","Wages, Salary, Commissions, Bonuses or Tips",,Real,Real,Real,Real,Fake,6,arm2_generalinfo
2/14/2021 14:23,2/14/2021 14:26,IP Address,100,173,TRUE,2/14/2021 14:26,R_vCQGT6Mhs0XOYg1,anonymous,EN,Yes,5f49e4d2a2a30843203ef554,Chrome,88.0.4324.150,Macintosh,1280x800,,,,,,White or Caucasian (Non-Hispanic),Graduate or professional degree,Single,25-34,Male,10021,Most people can be trusted,Would try to be fair no matter what,Try to help others,"Not employed, looking for work","$150,000 or more","Wages, Salary, Commissions, Bonuses or Tips",,Real,Fake,Real,Real,Fake,six,arm3_tips
2/14/2021 14:15,2/14/2021 14:26,IP Address,100,655,TRUE,2/14/2021 14:26,R_11clmxTIQv7jClt,anonymous,EN,Yes,5811641cb2432b00013e2a59,Chrome,88.0.4324.150,Windows NT 10.0,1067x600,Real,Real,Real,Real,Real,White or Caucasian (Non-Hispanic),Graduate or professional degree,Married,45-54,Female,92382,Most people can't be trusted,Would try to take advantage of you if they got a chance,Just look out for themselves,"Employed, working 30 or more hours per week","$80,000 - $99,999","Wages, Salary, Commissions, Bonuses or Tips",,Real,Fake,Real,Real,Fake,6,arm4_training
2/14/2021 14:24,2/14/2021 14:26,IP Address,100,161,TRUE,2/14/2021 14:26,R_1MRKNHs9tNv0WRi,anonymous,EN,Yes,5c53d761cf1cd900018cd634,Safari,14.0.3,Macintosh,834x1112,,,,,,White or Caucasian (Non-Hispanic),Bachelor degree,Single,25-34,Male,11385,Most people can't be trusted,Would try to take advantage of you if they got a chance,Just look out for themselves,"Employed, working 30 or more hours per week","$60,000 - $79,999","Wages, Salary, Commissions, Bonuses or Tips",,Real,Real,Real,Real,Fake,6,arm2_generalinfo
2/14/2021 14:17,2/14/2021 14:26,IP Address,100,590,TRUE,2/14/2021 14:26,R_1cYCLRaZwkm5cVi,anonymous,EN,Yes,5f6cbda95db5f50af6ca7772,Safari,14,Macintosh,1440x900,Real,Real,Fake,Real,Fake,White or Caucasian (Non-Hispanic),Graduate or professional degree,Single,25-34,Female,55082,Most people can't be trusted,Would try to be fair no matter what,Just look out for themselves,"Employed, working 1-29 hours per week","$0 - $19,999","Wages, Salary, Commissions, Bonuses or Tips",,Real,Fake,Real,Real,Real,6,arm4_training
2/14/2021 14:19,2/14/2021 14:27,IP Address,100,450,TRUE,2/14/2021 14:27,R_Cf3A1nWKtDd8mlj,anonymous,EN,Yes,5e1ab52f6a9bac30cbc3214d,Firefox,85,Macintosh,1280x800,Fake,Real,Real,Real,Fake,White or Caucasian (Non-Hispanic),Graduate or professional degree,Single,25-34,Female,98103,Most people can be trusted,Would try to be fair no matter what,Try to help others,"Employed, working 30 or more hours per week","$60,000 - $79,999","Wages, Salary, Commissions, Bonuses or Tips",,Real,Fake,Real,Fake,Fake,6,arm4_training
2/14/2021 14:18,2/14/2021 14:27,IP Address,100,565,TRUE,2/14/2021 14:27,R_1GCY2NZ8axSuNpp,anonymous,EN,Yes,6019d2ba807fad19b6ff1a3f,Chrome,88.0.4324.150,Windows NT 10.0,1536x864,,,,,,White or Caucasian (Non-Hispanic),Bachelor degree,Married,35-44,Female,55025,Most people can be trusted,Would try to be fair no matter what,Try to help others,"Not employed, NOT looking for work","$100,000 - $149,999",Other - Write In,Government stimulus,Real,Real,Real,Real,Fake,6,arm3_tips
2/14/2021 14:24,2/14/2021 14:27,IP Address,100,189,TRUE,2/14/2021 14:27,R_10ID3bxerovYnZI,anonymous,EN,Yes,5d2732da62a67d0019d1858d,Chrome,88.0.4324.146,Windows NT 10.0,1600x900,,,,,,White or Caucasian (Non-Hispanic),Graduate or professional degree,Married,25-34,Female,22305,Most people can be trusted,Would try to be fair no matter what,Try to help others,"Not employed, NOT looking for work","$150,000 or more",Self-Employment Income from a Farm or Non-Farm Business You Own,,Real,Real,Real,Real,Fake,6,arm1_control
2/14/2021 14:16,2/14/2021 14:28,IP Address,100,699,TRUE,2/14/2021 14:28,R_1GHr9tC7R85odFo,anonymous,EN,Yes,5d6cef4276cca6001666d86d,Chrome,88.0.4324.150,Macintosh,1366x768,,,,,,Asian American or Asian,Associate degree,Single,25-34,Male,75094,Most people can't be trusted,Would try to take advantage of you if they got a chance,Just look out for themselves,"Employed, working 30 or more hours per week","$150,000 or more","Wages, Salary, Commissions, Bonuses or Tips",,Real,Real,Real,Real,Fake,6,arm3_tips
2/14/2021 14:25,2/14/2021 14:28,IP Address,100,182,TRUE,2/14/2021 14:28,R_tJQURhgnOmS75Nn,anonymous,EN,Yes,600e123b3bd23b432be9abc2,Chrome,88.0.4324.150,Macintosh,1440x900,,,,,,"White or Caucasian (Non-Hispanic),Hispanic",Graduate or professional degree,Single,25-34,Male,60611,Most people can be trusted,Would try to be fair no matter what,Try to help others,"Not employed, NOT looking for work","$150,000 or more","Wages, Salary, Commissions, Bonuses or Tips,Other - Write In",,Real,Real,Real,Real,Real,6,arm3_tips
2/14/2021 14:23,2/14/2021 14:28,IP Address,100,310,TRUE,2/14/2021 14:28,R_XnrfHADlIceLsiZ,anonymous,EN,Yes,5f45c6417f545e201ff6da76,Firefox,85,Windows NT 10.0,1366x768,,,,,,White or Caucasian (Non-Hispanic),Associate degree,Divorced or Separated,25-34,Female,80537,Most people can be trusted,Would try to take advantage of you if they got a chance,Just look out for themselves,"Employed, working 30 or more hours per week","$40,000 - $59,999","Wages, Salary, Commissions, Bonuses or Tips",,Real,Real,Real,Fake,Fake,6,arm3_tips
2/14/2021 14:25,2/14/2021 14:29,IP Address,100,217,TRUE,2/14/2021 14:29,R_3KBDfeHq0h7dgNN,anonymous,EN,Yes,5ea2034072cf371093cf5268,Firefox,85,Macintosh,1440x900,,,,,,White or Caucasian (Non-Hispanic),Graduate or professional degree,Married,35-44,Female,33896,Most people can be trusted,Would try to take advantage of you if they got a chance,Try to help others,"Employed, working 1-29 hours per week","$40,000 - $59,999","Wages, Salary, Commissions, Bonuses or Tips,Any Other Public Assistance or Welfare Payments",,Real,Real,Real,Fake,Fake,6,arm1_control
2/14/2021 14:26,2/14/2021 14:29,IP Address,100,183,TRUE,2/14/2021 14:29,R_2UbzKBVWo4ErIBe,anonymous,EN,Yes,5bd9e540e1c2d500015a151d,Chrome,88.0.4324.150,Windows NT 10.0,1552x655,,,,,,White or Caucasian (Non-Hispanic),Some college but no degree,Married,45-54,Male,15085,Most people can't be trusted,Would try to take advantage of you if they got a chance,Just look out for themselves,"Employed, working 1-29 hours per week","$40,000 - $59,999","Wages, Salary, Commissions, Bonuses or Tips,Disability Support (VA, SSA, etc.)",,Real,Real,Real,Real,Fake,6,arm1_control
2/14/2021 14:24,2/14/2021 14:29,IP Address,100,300,TRUE,2/14/2021 14:29,R_2rP0zmviMLpr6wb,anonymous,EN,Yes,5f6eb18408ed4c3fa68fbf8a,Edge,87.0.664.75,Windows NT 10.0,1536x864,,,,,,Asian American or Asian,Graduate or professional degree,Single,35-44,Female,98108,Most people can be trusted,Would try to take advantage of you if they got a chance,Just look out for themselves,"Employed, working 30 or more hours per week","$80,000 - $99,999","Wages, Salary, Commissions, Bonuses or Tips",,Real,Fake,Real,Fake,Fake,6,arm2_generalinfo
2/14/2021 14:22,2/14/2021 14:29,IP Address,100,452,TRUE,2/14/2021 14:29,R_2EbE04YkF0eP8Ns,anonymous,EN,Yes,5bf37a8017a7de0001cf7cb1,Opera,73.0.3856.344,Windows NT 6.1,1366x768,,,,,,White or Caucasian (Non-Hispanic),Bachelor degree,Single,35-44,Male,46614,Most people can't be trusted,Would try to take advantage of you if they got a chance,Just look out for themselves,"Employed, working 30 or more hours per week","$20,000 - $39,999","Wages, Salary, Commissions, Bonuses or Tips",,Real,Fake,Real,Fake,Fake,6,arm3_tips
2/14/2021 14:27,2/14/2021 14:30,IP Address,100,163,TRUE,2/14/2021 14:30,R_2DS8OeKf1fU0ZGi,anonymous,EN,Yes,5e8970d2bde837609541a1eb,Chrome,88.0.4324.150,Windows NT 10.0,1920x1080,,,,,,White or Caucasian (Non-Hispanic),"High school degree or equivalent (e.g., GED)",Single,25-34,Male,95356,Most people can't be trusted,Would try to take advantage of you if they got a chance,Just look out for themselves,"Employed, working 30 or more hours per week","$0 - $19,999","Wages, Salary, Commissions, Bonuses or Tips",,Real,Real,Real,Fake,Fake,6,arm1_control
2/14/2021 14:27,2/14/2021 14:30,IP Address,100,174,TRUE,2/14/2021 14:30,R_3HOkvK1LX03J5Pk,anonymous,EN,Yes,5d18ca519bd071001aaaa932,Safari iPhone,Unknown,iPhone,414x736,,,,,,White or Caucasian (Non-Hispanic),Some college but no degree,Married,35-44,Male,27525,Most people can't be trusted,Would try to take advantage of you if they got a chance,Just look out for themselves,"Employed, working 30 or more hours per week","$60,000 - $79,999","Wages, Salary, Commissions, Bonuses or Tips",,Real,Real,Real,Fake,Fake,6,arm2_generalinfo
2/14/2021 14:20,2/14/2021 14:31,IP Address,100,618,TRUE,2/14/2021 14:31,R_0cWrMOLu3XpaAGl,anonymous,EN,Yes,5bef6c2b1305fe0001d56ba2,Firefox,85,Ubuntu,1920x1080,,,,,,White or Caucasian (Non-Hispanic),"High school degree or equivalent (e.g., GED)",Married,55-64,Female,50225,Most people can be trusted,Would try to be fair no matter what,Try to help others,"Employed, working 30 or more hours per week","$20,000 - $39,999","Wages, Salary, Commissions, Bonuses or Tips",,Real,Real,Real,Real,Fake,6,arm2_generalinfo
2/14/2021 14:26,2/14/2021 14:31,IP Address,100,279,TRUE,2/14/2021 14:31,R_1DnJxeDohnIl6Yn,anonymous,EN,Yes,5dbb13681817ae11b29db0e3,Firefox,85,Windows NT 10.0,3440x1440,,,,,,Asian American or Asian,Some college but no degree,Single,18-24,Male,11365,Most people can't be trusted,Would try to take advantage of you if they got a chance,Just look out for themselves,"Not employed, looking for work","$100,000 - $149,999",Any Other Public Assistance or Welfare Payments,,Real,Real,Real,Fake,Fake,6,arm3_tips
2/14/2021 14:28,2/14/2021 14:32,IP Address,100,261,TRUE,2/14/2021 14:32,R_3HZTVklxfIBhJPB,anonymous,EN,Yes,5fdea3ff9bf07d61c6087fdd,Edge,88.0.705.68,Windows NT 10.0,1536x864,Real,Real,Fake,Real,Fake,"White or Caucasian (Non-Hispanic),Hispanic",Bachelor degree,Single,25-34,Male,92021,Most people can't be trusted,Would try to take advantage of you if they got a chance,Just look out for themselves,"Not employed, looking for work","$60,000 - $79,999",Self-Employment Income from a Farm or Non-Farm Business You Own,,Real,Fake,Real,Fake,Fake,6,arm4_training
2/14/2021 14:20,2/14/2021 14:33,IP Address,100,759,TRUE,2/14/2021 14:33,R_bseJAamSS0IPDtD,anonymous,EN,Yes,5ffe96076abf5152fb0ebf4b,Chrome,99.0.7113.93,Windows NT 10.0,450x600,,,,,,African American or African (Non-Hispanic),Graduate or professional degree,Married,25-34,Male,90210,Most people can't be trusted,Would try to be fair no matter what,Just look out for themselves,"Employed, working 30 or more hours per week","$150,000 or more","Wages, Salary, Commissions, Bonuses or Tips",,Fake,Real,Real,Fake,Fake,6,arm3_tips
2/14/2021 14:27,2/14/2021 14:33,IP Address,100,359,TRUE,2/14/2021 14:33,R_3JxvVBZFWm2RaMa,anonymous,EN,Yes,5b8d60c61cbd260001ae3b0c,Firefox,85,Macintosh,1440x900,,,,,,White or Caucasian (Non-Hispanic),Graduate or professional degree,Single,55-64,Female,60202,Most people can be trusted,,Try to help others,"Employed, working 1-29 hours per week","$150,000 or more","Wages, Salary, Commissions, Bonuses or Tips,Self-Employment Income from a Farm or Non-Farm Business You Own,Other - Write In",Royalties,Real,Real,Real,Real,Fake,6,arm3_tips
2/14/2021 14:25,2/14/2021 14:33,IP Address,100,498,TRUE,2/14/2021 14:33,R_1gMHmAV2Tvt0DH5,anonymous,EN,Yes,5c91dd84319e1200154f6c1e,Firefox,85,Windows NT 10.0,1366x768,,,,,,Hispanic,Some college but no degree,Single,35-44,Female,92374,Most people can't be trusted,Would try to take advantage of you if they got a chance,Just look out for themselves,"Employed, working 1-29 hours per week","$40,000 - $59,999","Wages, Salary, Commissions, Bonuses or Tips",,Real,Real,Real,Real,Fake,6,arm1_control
2/14/2021 14:13,2/14/2021 14:34,IP Address,100,1244,TRUE,2/14/2021 14:34,R_3KJxMbADvPibpkG,anonymous,EN,Yes,5e9394d0b605e01e17ec23e4,Chrome,88.0.4324.150,Windows NT 10.0,1366x768,,,,,,White or Caucasian (Non-Hispanic),Some college but no degree,Single,35-44,Male,19901,Most people can be trusted,Would try to be fair no matter what,Try to help others,"Employed, working 30 or more hours per week","$40,000 - $59,999","Self-Employment Income from a Farm or Non-Farm Business You Own,Disability Support (VA, SSA, etc.),Any Other Public Assistance or Welfare Payments",,Real,Real,Real,Real,Real,6,arm1_control
2/14/2021 14:26,2/14/2021 14:34,IP Address,100,508,TRUE,2/14/2021 14:34,R_2SoyqKveHqpqjoK,anonymous,EN,Yes,5b9071ae45cd3c0001003fe2,Firefox,85,Windows NT 10.0,1536x864,Real,Real,Fake,Fake,Real,White or Caucasian (Non-Hispanic),Some college but no degree,Single,25-34,Female,13601,Most people can't be trusted,Would try to take advantage of you if they got a chance,Just look out for themselves,"Employed, working 30 or more hours per week","$60,000 - $79,999","Wages, Salary, Commissions, Bonuses or Tips",,Fake,Fake,Real,Fake,Fake,6,arm4_training
2/14/2021 14:28,2/14/2021 14:34,IP Address,100,360,TRUE,2/14/2021 14:34,R_1lfyimMzuXUpiXY,anonymous,EN,Yes,5ef3f0e723bb1619e56def3e,Firefox,85,Windows NT 10.0,1366x768,,,,,,White or Caucasian (Non-Hispanic),Associate degree,Single,55-64,Female,60538,Most people can be trusted,Would try to be fair no matter what,Just look out for themselves,"Employed, working 30 or more hours per week","$20,000 - $39,999","Wages, Salary, Commissions, Bonuses or Tips",,Real,Real,Real,Real,Fake,6,arm3_tips
2/14/2021 14:29,2/14/2021 14:35,IP Address,100,345,TRUE,2/14/2021 14:35,R_1LkBUEgZUnZgv90,anonymous,EN,Yes,569e9d738ad3f8000d742557,Chrome,88.0.4324.150,Windows NT 10.0,1920x1080,,,,,,African American or African (Non-Hispanic),Bachelor degree,Single,25-34,Female,60564,Most people can be trusted,Would try to be fair no matter what,Try to help others,"Employed, working 1-29 hours per week","$150,000 or more",Self-Employment Income from a Farm or Non-Farm Business You Own,,Real,Fake,Real,Fake,Fake,6,arm3_tips
2/14/2021 14:30,2/14/2021 14:35,IP Address,100,309,TRUE,2/14/2021 14:35,R_3PKQz1rDtEvKp3Q,anonymous,EN,Yes,5de9d78ebe656d10e1a26af6,Chrome,88.0.4324.150,Windows NT 10.0,1500x1000,,,,,,White or Caucasian (Non-Hispanic),Graduate or professional degree,Single,45-54,Female,85201,Most people can be trusted,Would try to be fair no matter what,Just look out for themselves,"Employed, working 1-29 hours per week","$80,000 - $99,999","Wages, Salary, Commissions, Bonuses or Tips,Self-Employment Income from a Farm or Non-Farm Business You Own,Any Other Public Assistance or Welfare Payments,Other - Write In",Private disability insurance,Real,Fake,Real,Real,Fake,6,arm1_control
2/14/2021 14:29,2/14/2021 14:35,IP Address,100,339,TRUE,2/14/2021 14:35,R_D5BrSRGlv8l2zXr,anonymous,EN,Yes,5fa86899f519ba6f291dbf41,Chrome,88.0.4324.104,Windows NT 10.0,2560x1440,,,,,,White or Caucasian (Non-Hispanic),Bachelor degree,Single,25-34,Male,28403,Most people can be trusted,Would try to be fair no matter what,Try to help others,"Not employed, looking for work","$0 - $19,999",Self-Employment Income from a Farm or Non-Farm Business You Own,,Real,Fake,Real,Fake,Fake,6,arm3_tips
2/14/2021 14:30,2/14/2021 14:35,IP Address,100,285,TRUE,2/14/2021 14:35,R_2wmfZMqAhcRXogi,anonymous,EN,Yes,56d9f54b610fc0000bb76e8d,Firefox,85,Windows NT 10.0,1680x1050,,,,,,White or Caucasian (Non-Hispanic),Bachelor degree,Single,45-54,Male,48236,Most people can't be trusted,Would try to take advantage of you if they got a chance,Just look out for themselves,"Employed, working 30 or more hours per week","$150,000 or more","Wages, Salary, Commissions, Bonuses or Tips,Self-Employment Income from a Farm or Non-Farm Business You Own",,Real,Fake,Real,Fake,Fake,6,arm1_control
2/14/2021 14:30,2/14/2021 14:35,IP Address,100,284,TRUE,2/14/2021 14:35,R_1NriTjh3PIXhiom,anonymous,EN,Yes,5f502bf5e0375819a32f2e16,Chrome,88.0.4324.150,Windows NT 10.0,1920x1080,,,,,,White or Caucasian (Non-Hispanic),Bachelor degree,Single,25-34,Female,17532,Most people can't be trusted,Would try to take advantage of you if they got a chance,Just look out for themselves,"Employed, working 1-29 hours per week","$0 - $19,999","Wages, Salary, Commissions, Bonuses or Tips",,Real,Fake,Real,Real,Fake,6,arm2_generalinfo
2/14/2021 14:30,2/14/2021 14:35,IP Address,100,342,TRUE,2/14/2021 14:35,R_2E6Ggp5fNDQFaNM,anonymous,EN,Yes,55fb0c5377f33b0005cb1f12,Chrome,88.0.4324.150,Macintosh,1280x800,,,,,,African American or African (Non-Hispanic),Bachelor degree,Married,25-34,Female,30060,Most people can't be trusted,Would try to take advantage of you if they got a chance,Just look out for themselves,"Employed, working 30 or more hours per week","$60,000 - $79,999","Wages, Salary, Commissions, Bonuses or Tips",,Real,Real,Real,Fake,Real,6,arm1_control
2/14/2021 14:32,2/14/2021 14:36,IP Address,100,248,TRUE,2/14/2021 14:36,R_2SIwrXZwPRLp6AM,anonymous,EN,Yes,5eb076d4438b1812aa3b6157,Chrome,88.0.4324.150,Macintosh,1440x900,,,,,,Asian American or Asian,Graduate or professional degree,Single,25-34,Female,11803,Most people can't be trusted,Would try to take advantage of you if they got a chance,Just look out for themselves,"Not employed, looking for work","$20,000 - $39,999","Wages, Salary, Commissions, Bonuses or Tips",,Real,Real,Real,Real,Real,6,arm2_generalinfo
2/14/2021 14:32,2/14/2021 14:36,IP Address,100,230,TRUE,2/14/2021 14:36,R_ewVkTVRw1Zn0igV,anonymous,EN,Yes,5f0fab5abdec9a1aff2b2744,Chrome,88.0.4324.109,CrOS x86_64 13597.66.0,1366x768,,,,,,White or Caucasian (Non-Hispanic),Bachelor degree,Married,25-34,Female,62231,Most people can be trusted,Would try to be fair no matter what,Try to help others,"Employed, working 30 or more hours per week","$100,000 - $149,999","Wages, Salary, Commissions, Bonuses or Tips,Social Security Retirement benefits,Employer-Sponsored Retirement Income, IRAs, or Pensions",,Real,Real,Real,Real,Fake,6,arm3_tips
2/14/2021 14:32,2/14/2021 14:36,IP Address,100,244,TRUE,2/14/2021 14:36,R_1pETsZhTOnFSsC7,anonymous,EN,Yes,5f66893ee1a5b726ff88b66f,Chrome,88.0.4324.150,Macintosh,1920x1200,Real,Real,Fake,Real,Fake,"Asian American or Asian,Native American, Native Hawaiian or Pacific Islander",Bachelor degree,Single,35-44,Male,94536,Most people can't be trusted,Would try to take advantage of you if they got a chance,Just look out for themselves,"Employed, working 30 or more hours per week","$60,000 - $79,999","Wages, Salary, Commissions, Bonuses or Tips",,Real,Fake,Real,Fake,Fake,6,arm4_training
2/14/2021 14:32,2/14/2021 14:36,IP Address,100,236,TRUE,2/14/2021 14:36,R_3KvcmSNkPdh8zqc,anonymous,EN,Yes,5ec9926905a9074945f12753,Chrome,88.0.4324.146,Macintosh,1440x900,,,,,,White or Caucasian (Non-Hispanic),Bachelor degree,Single,25-34,Male,75209,Most people can be trusted,Would try to take advantage of you if they got a chance,Just look out for themselves,"Employed, working 30 or more hours per week","$150,000 or more","Wages, Salary, Commissions, Bonuses or Tips",,Real,Real,Real,Real,Fake,6,arm3_tips
2/14/2021 14:34,2/14/2021 14:36,IP Address,100,120,TRUE,2/14/2021 14:36,R_25Gvz9VIfTrRJM3,anonymous,EN,Yes,5cfa8802af376000177df634,Chrome,88.0.4324.150,Windows NT 10.0,1536x864,,,,,,White or Caucasian (Non-Hispanic),Bachelor degree,Single,25-34,Male,30652,Most people can be trusted,Would try to be fair no matter what,Try to help others,"Not employed, looking for work","$20,000 - $39,999","Wages, Salary, Commissions, Bonuses or Tips",,Real,Real,Real,Real,Fake,6,arm3_tips
2/14/2021 14:29,2/14/2021 14:36,IP Address,100,458,TRUE,2/14/2021 14:36,R_vIzm6oEQXbEwSMp,anonymous,EN,Yes,5d1653de3935ca001b87ff71,Firefox,85,Windows NT 10.0,1366x768,Fake,Real,Fake,Real,Fake,"White or Caucasian (Non-Hispanic),Hispanic",Some college but no degree,Single,25-34,Male,95926,Most people can't be trusted,Would try to take advantage of you if they got a chance,Just look out for themselves,"Employed, working 1-29 hours per week","$0 - $19,999",Self-Employment Income from a Farm or Non-Farm Business You Own,,Real,Fake,Real,Fake,Fake,6,arm4_training
2/14/2021 14:32,2/14/2021 14:37,IP Address,100,261,TRUE,2/14/2021 14:37,R_2CC8VT4hZ24nxOY,anonymous,EN,Yes,5f4172b62cd45930d478e9e4,Edge,14.14393,Windows NT 10.0,1821x1024,,,,,,White or Caucasian (Non-Hispanic),Associate degree,Single,25-34,Male,29323,,,,"Not employed, looking for work","$100,000 - $149,999",Other - Write In,prolific and other sites similar and handyman work,Fake,Fake,Fake,Fake,Fake,6,arm3_tips
2/14/2021 14:30,2/14/2021 14:37,IP Address,100,426,TRUE,2/14/2021 14:37,R_PTLFOjXezLM3MVr,anonymous,EN,Yes,5ec4c385295d6e3b97b158be,Safari iPad,14,iPad,834x1112,,,,,,Asian American or Asian,Associate degree,Married,35-44,Female,91755,Most people can be trusted,Would try to be fair no matter what,Just look out for themselves,"Employed, working 30 or more hours per week","$80,000 - $99,999","Wages, Salary, Commissions, Bonuses or Tips",,Real,Fake,Real,Real,Fake,6,arm1_control
2/14/2021 14:34,2/14/2021 14:37,IP Address,100,168,TRUE,2/14/2021 14:37,R_3OoiYI4NnOhFOXr,anonymous,EN,Yes,5f0d0bb334aaaf7151fee628,Chrome,88.0.4324.150,Windows NT 10.0,1920x1080,,,,,,White or Caucasian (Non-Hispanic),Bachelor degree,Single,25-34,Female,48317,Most people can be trusted,Would try to be fair no matter what,Try to help others,"Employed, working 30 or more hours per week","$60,000 - $79,999","Wages, Salary, Commissions, Bonuses or Tips",,Real,Real,Real,Real,Fake,6,arm3_tips
2/14/2021 14:34,2/14/2021 14:38,IP Address,100,229,TRUE,2/14/2021 14:38,R_2SCRs5wfmMcIPfD,anonymous,EN,Yes,5eeae41fbc9870186d3e1c3f,Chrome,88.0.4324.150,Windows NT 10.0,1463x823,,,,,,White or Caucasian (Non-Hispanic),Graduate or professional degree,Married,45-54,Male,90631,Most people can be trusted,Would try to be fair no matter what,Try to help others,"Employed, working 30 or more hours per week","$100,000 - $149,999","Wages, Salary, Commissions, Bonuses or Tips",,Real,Fake,Real,Fake,Fake,6,arm3_tips
2/14/2021 14:33,2/14/2021 14:38,IP Address,100,331,TRUE,2/14/2021 14:38,R_9Zw5KcBSUQC70s1,anonymous,EN,Yes,5fdaba53b4012456fa657c1a,Chrome,87.0.4280.142,CrOS x86_64 13505.100.0,1366x768,,,,,,African American or African (Non-Hispanic),Associate degree,Married,25-34,Male,72204,Most people can be trusted,Would try to take advantage of you if they got a chance,Try to help others,"Employed, working 30 or more hours per week","$40,000 - $59,999","Wages, Salary, Commissions, Bonuses or Tips,Other - Write In",Unemployment,Real,Real,Real,Real,Fake,6,arm2_generalinfo
2/14/2021 14:35,2/14/2021 14:38,IP Address,100,226,TRUE,2/14/2021 14:38,R_2BaihsUcmHXP46V,anonymous,EN,Yes,5f48178511a0402b7915e84d,Chrome,88.0.4324.150,Windows NT 10.0,1536x864,,,,,,White or Caucasian (Non-Hispanic),Bachelor degree,Single,25-34,Male,2134,Most people can be trusted,Would try to be fair no matter what,Just look out for themselves,"Employed, working 30 or more hours per week","$40,000 - $59,999","Wages, Salary, Commissions, Bonuses or Tips",,Real,Real,Real,Real,Fake,6,arm2_generalinfo
2/14/2021 14:35,2/14/2021 14:38,IP Address,100,219,TRUE,2/14/2021 14:38,R_30f9hikVgrtbNA2,anonymous,EN,Yes,5c747b0f181ad300113363ed,Chrome,88.0.4324.150,Windows NT 10.0,1920x1080,Fake,Real,Real,Fake,Real,White or Caucasian (Non-Hispanic),Bachelor degree,Married,25-34,Female,33594,Most people can't be trusted,Would try to be fair no matter what,Just look out for themselves,"Employed, working 1-29 hours per week","$60,000 - $79,999","Wages, Salary, Commissions, Bonuses or Tips",,Real,Real,Fake,Fake,Real,6,arm4_training
2/14/2021 14:34,2/14/2021 14:38,IP Address,100,248,TRUE,2/14/2021 14:38,R_12utu6SIWTjNyzv,anonymous,EN,Yes,5d0c10124b68150015fd5bca,Chrome,88.0.4324.152,Android 10,601x962,,,,,,White or Caucasian (Non-Hispanic),Bachelor degree,Single,25-34,Male,34637,Most people can't be trusted,Would try to take advantage of you if they got a chance,Just look out for themselves,"Not employed, NOT looking for work","$20,000 - $39,999",Other - Write In,student grants ,Real,Fake,Fake,Real,Fake,6,arm3_tips
2/14/2021 14:33,2/14/2021 14:39,IP Address,100,326,TRUE,2/14/2021 14:39,R_W7DTCEe52T0nCuJ,anonymous,EN,Yes,5f1215cdd929cd13626adaca,Chrome,88.0.4324.150,Macintosh,1920x1080,,,,,,White or Caucasian (Non-Hispanic),Some college but no degree,Divorced or Separated,45-54,Male,98087,Most people can be trusted,Would try to take advantage of you if they got a chance,Just look out for themselves,"Employed, working 30 or more hours per week","$40,000 - $59,999","Wages, Salary, Commissions, Bonuses or Tips,Any Other Public Assistance or Welfare Payments",,Real,Fake,Real,Fake,Fake,6,arm1_control
2/14/2021 14:32,2/14/2021 14:39,IP Address,100,409,TRUE,2/14/2021 14:39,R_DBmdPWWitccssyB,anonymous,EN,Yes,60284ba64dc0f46ed3e37bb6,Chrome,88.0.4324.150,Macintosh,1440x900,,,,,,White or Caucasian (Non-Hispanic),Graduate or professional degree,Single,25-34,Female,77035,Most people can't be trusted,Would try to take advantage of you if they got a chance,Just look out for themselves,"Not employed, looking for work","$100,000 - $149,999",Other - Write In,Parental support,Real,Real,Real,Fake,Fake,6,arm1_control
2/14/2021 14:30,2/14/2021 14:39,IP Address,100,537,TRUE,2/14/2021 14:39,R_12x6mX8F2VrGGUi,anonymous,EN,Yes,600b572d65ca841e675c9677,Firefox,85,Windows NT 10.0,1600x900,,,,,,African American or African (Non-Hispanic),Associate degree,Single,45-54,Female,74145,Most people can't be trusted,Would try to take advantage of you if they got a chance,Try to help others,"Employed, working 30 or more hours per week","$20,000 - $39,999","Wages, Salary, Commissions, Bonuses or Tips",,Real,Fake,Real,Fake,Fake,6,arm3_tips
2/14/2021 14:34,2/14/2021 14:39,IP Address,100,301,TRUE,2/14/2021 14:39,R_2AZlPpf8oTc4NDo,anonymous,EN,Yes,5f0ba373cd19f5114a4c963a,Firefox,85,Windows NT 10.0,1920x1080,,,,,,White or Caucasian (Non-Hispanic),Graduate or professional degree,Divorced or Separated,35-44,Male,85044,Most people can be trusted,Would try to be fair no matter what,Try to help others,"Employed, working 30 or more hours per week","$40,000 - $59,999","Wages, Salary, Commissions, Bonuses or Tips",,Real,Fake,Real,Real,Fake,6,arm3_tips
2/14/2021 14:35,2/14/2021 14:39,IP Address,100,249,TRUE,2/14/2021 14:39,R_u2PZ12E7poYVLB7,anonymous,EN,Yes,566a19b57da035000fb39b89,Chrome,88.0.4324.150,Windows NT 10.0,1920x1080,,,,,,Asian American or Asian,Bachelor degree,Single,25-34,Male,19012,Most people can't be trusted,Would try to take advantage of you if they got a chance,Just look out for themselves,"Employed, working 30 or more hours per week","$80,000 - $99,999","Wages, Salary, Commissions, Bonuses or Tips",,Real,Real,Real,Real,Real,6,arm3_tips
2/14/2021 14:36,2/14/2021 14:40,IP Address,100,206,TRUE,2/14/2021 14:40,R_3fiQVwEK8lO53R5,anonymous,EN,Yes,5b6a593840003400017013a0,Chrome,88.0.4324.150,Windows NT 10.0,1920x1080,,,,,,White or Caucasian (Non-Hispanic),Bachelor degree,Divorced or Separated,35-44,Male,75080,Most people can be trusted,Would try to be fair no matter what,Just look out for themselves,"Employed, working 30 or more hours per week","$80,000 - $99,999","Wages, Salary, Commissions, Bonuses or Tips,Self-Employment Income from a Farm or Non-Farm Business You Own",,Real,Real,Real,Fake,Fake,6,arm3_tips
2/14/2021 14:23,2/14/2021 14:40,IP Address,100,975,TRUE,2/14/2021 14:40,R_3NLqGy9tFMk7cTD,anonymous,EN,Yes,600f10bee8ae9608060df8b6,Chrome,88.0.4324.150,Macintosh,1280x800,Fake,Real,Fake,Real,Fake,White or Caucasian (Non-Hispanic),Bachelor degree,Single,25-34,Female,82072,Most people can't be trusted,Would try to take advantage of you if they got a chance,Just look out for themselves,"Employed, working 30 or more hours per week","$60,000 - $79,999","Wages, Salary, Commissions, Bonuses or Tips",,Real,Fake,Real,Fake,Fake,6,arm4_training
2/14/2021 14:37,2/14/2021 14:40,IP Address,100,157,TRUE,2/14/2021 14:40,R_2TMD4xuIlASbQKV,anonymous,EN,Yes,56ca5b782a2631000ccab9a2,Safari,14.0.3,Macintosh,834x1112,,,,,,White or Caucasian (Non-Hispanic),Bachelor degree,Divorced or Separated,45-54,Female,97214,Most people can be trusted,Would try to be fair no matter what,Try to help others,"Employed, working 1-29 hours per week","$20,000 - $39,999","Wages, Salary, Commissions, Bonuses or Tips",,Real,Real,Real,Real,Fake,6,arm2_generalinfo
2/14/2021 14:36,2/14/2021 14:40,IP Address,100,248,TRUE,2/14/2021 14:40,R_1LdHjeOMPRuNRhM,anonymous,EN,Yes,5c689b1d0487640001026127,Chrome,88.0.4324.150,Windows NT 10.0,1536x864,,,,,,White or Caucasian (Non-Hispanic),Some college but no degree,Single,25-34,Female,46062,Most people can't be trusted,Would try to take advantage of you if they got a chance,Just look out for themselves,"Employed, working 30 or more hours per week","$40,000 - $59,999","Wages, Salary, Commissions, Bonuses or Tips",,Real,Real,Real,Real,Fake,6,arm1_control
2/14/2021 14:37,2/14/2021 14:41,IP Address,100,232,TRUE,2/14/2021 14:41,R_8tWe1N6r8P2vU1b,anonymous,EN,Yes,57af9cdda169b50001a434e3,Firefox,78,Macintosh,1280x800,,,,,,"White or Caucasian (Non-Hispanic),Hispanic",Graduate or professional degree,Married,35-44,Female,60560,Most people can't be trusted,Would try to be fair no matter what,Just look out for themselves,"Employed, working 1-29 hours per week","$60,000 - $79,999","Wages, Salary, Commissions, Bonuses or Tips,Self-Employment Income from a Farm or Non-Farm Business You Own",,Real,Real,Real,Real,Fake,6,arm3_tips
2/14/2021 14:38,2/14/2021 14:41,IP Address,100,165,TRUE,2/14/2021 14:41,R_3j8zPZHsCjfP5i5,anonymous,EN,Yes,5fc73cb8746dd648031e2184,Firefox,85,Windows NT 10.0,1920x1080,,,,,,White or Caucasian (Non-Hispanic),Some college but no degree,Single,25-34,Male,44134,Most people can't be trusted,Would try to take advantage of you if they got a chance,Just look out for themselves,"Not employed, looking for work","$20,000 - $39,999",Other - Write In,Stimulus Check,Real,Real,Real,Real,Fake,6,arm2_generalinfo
2/14/2021 14:37,2/14/2021 14:41,IP Address,100,213,TRUE,2/14/2021 14:41,R_1jE842j0CFXu2qK,anonymous,EN,Yes,5fd8dc106452e32d8397cf83,Chrome,87.0.4280.88,Macintosh,1680x1050,,,,,,African American or African (Non-Hispanic),Bachelor degree,Single,25-34,Male,75104,Most people can't be trusted,Would try to take advantage of you if they got a chance,Just look out for themselves,"Employed, working 30 or more hours per week","$40,000 - $59,999",Self-Employment Income from a Farm or Non-Farm Business You Own,,Fake,Fake,Real,Real,Fake,6,arm1_control
2/14/2021 14:38,2/14/2021 14:42,IP Address,100,235,TRUE,2/14/2021 14:42,R_3KVF71noS11Ae9m,anonymous,EN,Yes,5ae41bcea639c900013ef8c9,Firefox,85,Windows NT 10.0,1920x1080,,,,,,Asian American or Asian,Bachelor degree,Single,35-44,Male,94122,Most people can be trusted,Would try to take advantage of you if they got a chance,Just look out for themselves,"Employed, working 1-29 hours per week","$40,000 - $59,999","Wages, Salary, Commissions, Bonuses or Tips",,Real,Fake,Real,Real,Fake,6,arm3_tips
2/14/2021 14:34,2/14/2021 14:42,IP Address,100,503,TRUE,2/14/2021 14:42,R_21uh7lPwiGqXB4n,anonymous,EN,Yes,5df434425a34252fff491695,Chrome,88.0.4324.150,Windows NT 10.0,1366x768,,,,,,African American or African (Non-Hispanic),Some college but no degree,Married,45-54,Female,29630,Most people can be trusted,Would try to be fair no matter what,Try to help others,"Employed, working 30 or more hours per week","$20,000 - $39,999","Wages, Salary, Commissions, Bonuses or Tips",,Real,Fake,Fake,Fake,Fake,6,arm2_generalinfo
2/14/2021 14:40,2/14/2021 14:43,IP Address,100,195,TRUE,2/14/2021 14:43,R_3ee2I1qZ483JgmF,anonymous,EN,Yes,60190457f681522087abda5e,Chrome,88.0.4324.152,Macintosh,1280x800,,,,,,"Asian American or Asian,Native American, Native Hawaiian or Pacific Islander,Other",Bachelor degree,Single,25-34,Other,98122,Most people can't be trusted,Would try to take advantage of you if they got a chance,Try to help others,"Employed, working 1-29 hours per week","$40,000 - $59,999","Wages, Salary, Commissions, Bonuses or Tips,Self-Employment Income from a Farm or Non-Farm Business You Own",,Fake,Real,Real,Real,Fake,6,arm2_generalinfo
2/14/2021 14:37,2/14/2021 14:43,IP Address,100,344,TRUE,2/14/2021 14:43,R_3PEU8qaWUo5nztu,anonymous,EN,Yes,5af7561ae19f8c00019e5db3,Chrome,88.0.4324.150,Macintosh,1440x900,,,,,,White or Caucasian (Non-Hispanic),Graduate or professional degree,Single,25-34,Female,94702,Most people can be trusted,Would try to be fair no matter what,Try to help others,"Employed, working 30 or more hours per week","$60,000 - $79,999","Wages, Salary, Commissions, Bonuses or Tips",,Real,Real,Real,Fake,Fake,6,arm3_tips
2/14/2021 14:38,2/14/2021 14:44,IP Address,100,337,TRUE,2/14/2021 14:44,R_3DXqoCzgunMpZrr,anonymous,EN,Yes,6025708edf45370d51f42a24,Chrome,88.0.4324.150,Windows NT 10.0,1920x1080,,,,,,White or Caucasian (Non-Hispanic),Bachelor degree,Married,35-44,Male,46710,Most people can't be trusted,Would try to take advantage of you if they got a chance,Just look out for themselves,"Employed, working 1-29 hours per week","$60,000 - $79,999","Wages, Salary, Commissions, Bonuses or Tips",,Real,Fake,Real,Real,Fake,6,arm1_control
2/14/2021 14:37,2/14/2021 14:44,IP Address,100,394,TRUE,2/14/2021 14:44,R_2ZQPmRlj7Bz1EID,anonymous,EN,Yes,5f4eb2dfe9679b0db5c95106,Chrome,88.0.4324.150,Windows NT 10.0,1600x900,,,,,,"White or Caucasian (Non-Hispanic),Native American, Native Hawaiian or Pacific Islander",Bachelor degree,Single,25-34,Other,74570,Most people can be trusted,Would try to take advantage of you if they got a chance,Just look out for themselves,"Employed, working 30 or more hours per week","$0 - $19,999","Wages, Salary, Commissions, Bonuses or Tips,Other - Write In",Stock income,Real,Real,Real,Real,Fake,6,arm3_tips
2/14/2021 14:39,2/14/2021 14:44,IP Address,100,296,TRUE,2/14/2021 14:44,R_2q3kaOYvI5aYXoK,anonymous,EN,Yes,5dd71e92b966de6d215924b0,Firefox,78,Macintosh,1440x900,,,,,,Hispanic,Some college but no degree,Married,35-44,Male,78758,Most people can't be trusted,Would try to take advantage of you if they got a chance,Just look out for themselves,"Employed, working 30 or more hours per week","$40,000 - $59,999","Wages, Salary, Commissions, Bonuses or Tips",,Real,Fake,Real,Real,Fake,6,arm3_tips
2/14/2021 14:39,2/14/2021 14:44,IP Address,100,318,TRUE,2/14/2021 14:44,R_2cucIWGMsxFa2HW,anonymous,EN,Yes,5c159f7745de2c000133c3f2,Chrome,88.0.4324.150,Macintosh,1280x800,,,,,,"Asian American or Asian,Hispanic",Graduate or professional degree,Single,35-44,Male,11373,Most people can't be trusted,Would try to take advantage of you if they got a chance,Just look out for themselves,"Not employed, looking for work","$0 - $19,999",Other - Write In,survey money,Real,Fake,Real,Real,Fake,6,arm2_generalinfo
2/14/2021 14:40,2/14/2021 14:45,IP Address,100,304,TRUE,2/14/2021 14:45,R_1gT8K2COOnJHd1V,anonymous,EN,Yes,5d46e2e2291942001c2bf6d8,Chrome,88.0.4324.150,Macintosh,1440x900,,,,,,White or Caucasian (Non-Hispanic),Bachelor degree,Single,35-44,Male,93065,Most people can be trusted,Would try to take advantage of you if they got a chance,Just look out for themselves,"Employed, working 1-29 hours per week","$0 - $19,999","Wages, Salary, Commissions, Bonuses or Tips",,Real,Fake,Real,Fake,Real,6,arm3_tips
2/14/2021 14:34,2/14/2021 14:45,IP Address,100,617,TRUE,2/14/2021 14:45,R_1hFh8JN2cqI61nM,anonymous,EN,Yes,6007b5de4508d81c9a2a0433,Chrome,88.0.4324.150,Windows NT 10.0,1366x768,Real,Real,Real,Real,Real,White or Caucasian (Non-Hispanic),Bachelor degree,Married,35-44,Female,49837,Most people can be trusted,Would try to take advantage of you if they got a chance,Just look out for themselves,"Employed, working 30 or more hours per week","$80,000 - $99,999","Wages, Salary, Commissions, Bonuses or Tips",,Real,Real,Real,Real,Fake,6,arm4_training
2/14/2021 14:39,2/14/2021 14:45,IP Address,100,320,TRUE,2/14/2021 14:45,R_29gjehsGLqTkMZD,anonymous,EN,Yes,5a502ce176d1c60001aa973d,Chrome,88.0.4324.150,Windows NT 10.0,1920x1080,,,,,,White or Caucasian (Non-Hispanic),Bachelor degree,Divorced or Separated,55-64,Female,99208,Most people can be trusted,Would try to be fair no matter what,Try to help others,Retired,"$100,000 - $149,999","Wages, Salary, Commissions, Bonuses or Tips,Social Security Retirement benefits,Employer-Sponsored Retirement Income, IRAs, or Pensions",,Real,Real,Real,Fake,Fake,6,arm1_control
2/14/2021 14:39,2/14/2021 14:45,IP Address,100,330,TRUE,2/14/2021 14:45,R_3qffC2n4Qpmiabg,anonymous,EN,Yes,5f657048f1af6f0fac94a852,Chrome,88.0.4324.150,Macintosh,1280x800,,,,,,White or Caucasian (Non-Hispanic),Graduate or professional degree,Married,25-34,Female,68503,Most people can be trusted,Would try to be fair no matter what,Try to help others,"Employed, working 1-29 hours per week","$60,000 - $79,999","Wages, Salary, Commissions, Bonuses or Tips,Self-Employment Income from a Farm or Non-Farm Business You Own",,Real,Real,Real,Fake,Fake,6,arm1_control
2/14/2021 14:45,2/14/2021 14:46,IP Address,100,89,TRUE,2/14/2021 14:46,R_PTIpztUfPNi5qNj,anonymous,EN,Yes,5e73b2c44bccf231dc550e9b,Chrome,88.0.4324.150,Windows NT 10.0,1440x900,,,,,,White or Caucasian (Non-Hispanic),"High school degree or equivalent (e.g., GED)",Single,25-34,Male,34747,Most people can be trusted,Would try to be fair no matter what,Try to help others,"Employed, working 30 or more hours per week","$40,000 - $59,999","Wages, Salary, Commissions, Bonuses or Tips",,Real,Real,Real,Real,Fake,6,arm3_tips
2/14/2021 14:36,2/14/2021 14:47,IP Address,100,656,TRUE,2/14/2021 14:47,R_xx5jVFNoNUfMqm5,anonymous,EN,Yes,5f5be44433097f39b8ac2223,Chrome,88.0.4324.152,Macintosh,1440x900,,,,,,White or Caucasian (Non-Hispanic),Bachelor degree,Married,45-54,Male,98103,Most people can be trusted,Would try to take advantage of you if they got a chance,Just look out for themselves,"Not employed, looking for work","$100,000 - $149,999",Any Other Public Assistance or Welfare Payments,,Real,Fake,Real,Fake,Fake,6,arm1_control
2/14/2021 14:38,2/14/2021 14:50,IP Address,100,768,TRUE,2/14/2021 14:50,R_2CdeO0BZXwSKCI1,anonymous,EN,Yes,5ff5f97818decb10983e9771,Safari iPad,10,iPad,768x1024,,,,,,White or Caucasian (Non-Hispanic),"High school degree or equivalent (e.g., GED)",Married,55-64,Female,29505,Most people can be trusted,Would try to be fair no matter what,Just look out for themselves,Retired,"$40,000 - $59,999",Social Security Retirement benefits,,Fake,Fake,Real,Fake,Fake,6,arm2_generalinfo
2/14/2021 14:37,2/14/2021 14:52,IP Address,100,945,TRUE,2/14/2021 14:52,R_2ToAZLmWlplQcAk,anonymous,EN,Yes,5d5185e4cbc535001a298bcf,Chrome,88.0.4324.150,Windows NT 10.0,1536x864,,,,,,White or Caucasian (Non-Hispanic),Associate degree,Divorced or Separated,55-64,Female,28539,Most people can't be trusted,Would try to take advantage of you if they got a chance,Just look out for themselves,Retired,"$150,000 or more",Other - Write In,ex,Fake,Real,Real,Real,Fake,6,arm1_control
2/14/2021 14:26,2/14/2021 14:53,IP Address,100,1582,TRUE,2/14/2021 14:53,R_1kZjnRtpUdgKupf,anonymous,EN,Yes,5f54db3b9fbb9685bca58052,Chrome,88.0.4324.150,Windows NT 10.0,1024x768,Fake,Real,Fake,Real,Fake,African American or African (Non-Hispanic),Associate degree,Widowed,45-54,Female,33610,Most people can be trusted,Would try to be fair no matter what,Try to help others,"Disabled, not able to work","$40,000 - $59,999","Disability Support (VA, SSA, etc.),Employer-Sponsored Retirement Income, IRAs, or Pensions",,Real,Fake,Real,Real,Real,6,arm4_training
2/14/2021 14:49,2/14/2021 14:54,IP Address,100,302,TRUE,2/14/2021 14:54,R_2WTsRWYIRK0c4b2,anonymous,EN,Yes,5e5293866f83902a1858dc08,Safari iPhone,14.0.3,iPhone,414x896,,,,,,White or Caucasian (Non-Hispanic),Bachelor degree,Married,35-44,Male,60657,Most people can't be trusted,Would try to take advantage of you if they got a chance,Just look out for themselves,"Employed, working 30 or more hours per week","$150,000 or more","Wages, Salary, Commissions, Bonuses or Tips",,Real,Real,Real,Fake,Fake,6,arm2_generalinfo
2/14/2021 14:35,2/14/2021 14:54,IP Address,100,1173,TRUE,2/14/2021 14:54,R_2xzVh2dsR6yXG7C,anonymous,EN,Yes,5f0f74f79ae45313d4652776,Chrome,88.0.4324.104,Windows NT 10.0,1366x768,Fake,Real,Real,Real,Fake,White or Caucasian (Non-Hispanic),Some college but no degree,Single,45-54,Female,92010,Most people can't be trusted,Would try to take advantage of you if they got a chance,Just look out for themselves,"Not employed, NOT looking for work","$40,000 - $59,999","Wages, Salary, Commissions, Bonuses or Tips,Other - Write In",unemployment,Real,Fake,Real,Fake,Fake,6,arm4_training
2/14/2021 14:36,2/14/2021 14:58,IP Address,100,1321,TRUE,2/14/2021 14:58,R_1mEjxIbeWrLFnE0,anonymous,EN,Yes,5bc0c37d93ca500001adca49,Chrome,88.0.4324.150,Windows NT 10.0,1504x1003,,,,,,Asian American or Asian,Bachelor degree,Single,25-34,Male,20850,Most people can be trusted,Would try to be fair no matter what,Just look out for themselves,"Employed, working 30 or more hours per week","$20,000 - $39,999","Wages, Salary, Commissions, Bonuses or Tips",,Real,Fake,Real,Fake,Fake,6,arm2_generalinfo
2/14/2021 14:33,2/14/2021 15:07,IP Address,100,2039,TRUE,2/14/2021 15:07,R_1IpmDh8GNISRLb6,anonymous,EN,Yes,5dedab1d73f2e946839efa14,Chrome,90.0.4400.7,Android 5.0.2,1280x800,,,,,,African American or African (Non-Hispanic),Some college but no degree,Single,35-44,Female,20745,Most people can be trusted,Would try to take advantage of you if they got a chance,Just look out for themselves,"Employed, working 30 or more hours per week","$40,000 - $59,999","Wages, Salary, Commissions, Bonuses or Tips,Other - Write In",Stimulus,Real,Fake,Real,Real,Fake,6,arm2_generalinfo
2/14/2021 14:29,2/14/2021 14:33,IP Address,33,264,FALSE,2/15/2021 14:33,R_3k6PgK23mZiGnQb,anonymous,EN,Yes,5dedab1d73f2e946839efa14,Chrome,90.0.4400.7,Android 5.0.2,1280x800,Fake,,,,,,,,,,,,,,,,,,,,,,,,arm4_training
2/14/2021 14:32,2/14/2021 14:45,IP Address,95,764,FALSE,2/15/2021 14:45,R_1mk2k59nuY9YGvD,anonymous,EN,Yes,5e73b2c44bccf231dc550e9b,Chrome,88.0.4324.150,Windows NT 10.0,1440x900,,,,,,White or Caucasian (Non-Hispanic),"High school degree or equivalent (e.g., GED)",Single,25-34,Male,34747,Most people can be trusted,Would try to be fair no matter what,Try to help others,"Employed, working 30 or more hours per week","$40,000 - $59,999","Wages, Salary, Commissions, Bonuses or Tips",,Real,Real,Real,Real,Fake,,arm3_tips
2/14/2021 14:38,2/14/2021 14:48,IP Address,67,564,FALSE,2/15/2021 14:48,R_2xFbrVEzUrQ8tVn,anonymous,EN,Yes,60221eb3dab08d2db4ebda5b,Edge,88.0.705.63,Windows NT 10.0,1280x1024,,,,,,African American or African (Non-Hispanic),Bachelor degree,Married,35-44,Male,,,,,,,,,,,,,,,arm2_generalinfo
2/14/2021 14:48,2/14/2021 14:55,IP Address,98,430,FALSE,2/15/2021 14:55,R_28UoWmriJjASS7R,anonymous,EN,Yes,60221eb3dab08d2db4ebda5b,Edge,88.0.705.63,Windows NT 10.0,1280x1024,,,,,,African American or African (Non-Hispanic),Bachelor degree,Married,35-44,Male,94119,Most people can be trusted,Would try to take advantage of you if they got a chance,Just look out for themselves,"Employed, working 30 or more hours per week","$60,000 - $79,999","Wages, Salary, Commissions, Bonuses or Tips",,Real,Real,Fake,Real,Fake,6,arm1_control
